"exposure","outcome","nsnp","ivw_b","ivw_se","ivw_p","wm_b","egger_b","steiger"
"BMI","CAD",59,0.16193285958307,0.10115399735235,0.109409088513767,0.201267457417847,0.306967874394058,TRUE
"BMI","eGFR",62,-0.0716069380134477,0.0320318305970667,0.0253849905667346,-0.0941885876756313,-0.104618185901015,TRUE
"BMI","HbA1c",62,-0.23378084085272,0.10505113375448,0.0260543670303428,0.186750902125833,-0.329718779937778,TRUE
"BMI","HDL",62,-0.193464775028893,0.0502295380795367,0.000117342044586706,-0.237846059224551,-0.137095242466953,TRUE
"BMI","HF",60,0.450654292067649,0.0733862173459062,8.20772684341573e-10,0.482372810740091,0.804957810166188,TRUE
"BMI","LDL",62,0.00154450620434141,0.0382189738975236,0.967764641938378,0.0385718231478358,0.00663341294282286,TRUE
"BMI","Stroke",61,0.156618843441132,0.0647703974542854,0.015603413541678,0.161672397979007,-0.027166113209006,TRUE
"BMI","T2D",62,-0.153084956572478,0.27776685170181,0.581546260246903,0.704287441770017,-0.323178308287864,TRUE
"BMI","TC",62,-0.0225812446572272,0.0321975259497278,0.483094115738194,0.00603567619998616,-0.0440066973815696,TRUE
"BMI","TG",62,0.164340947269178,0.0366182626909865,7.19116598746925e-06,0.124571871957176,0.0789896170587146,TRUE
"CAD","BMI",38,-0.0317666842551182,0.0131849439195604,0.0159824930586861,-0.0318683347549413,-0.0435010286568668,TRUE
"CAD","eGFR",38,0.00554386408766431,0.0160124427407632,0.729175688200335,-0.0115750960251407,-0.0332943294111933,TRUE
"CAD","HbA1c",38,0.00230623759216782,0.0199462430261376,0.907951606587749,-0.00493727267651625,-0.00686537541189851,TRUE
"CAD","HDL",38,-0.0724413024072852,0.0509933615678186,0.155432320036422,0.0020799822554577,0.0910299259895676,TRUE
"CAD","HF",44,0.0727043885225405,0.0308789097160626,0.0185476508208106,0.0842276169415873,-0.0780424779694565,TRUE
"CAD","LDL",38,0.0882158692334601,0.077606183009574,0.255658756500076,-0.0107867598685952,0.241506247951749,FALSE
"CAD","Stroke",48,-0.00562946807376807,0.0496139451145689,0.909661561603682,0.0178234713062497,-0.171972748137552,TRUE
"CAD","T2D",49,0.0202969765134857,0.0238692774598496,0.395136663223306,0.0369626638810007,-0.0828051578041422,TRUE
"CAD","TC",38,0.0700182117329372,0.0497872676668518,0.159620888263443,-0.0178576196864992,0.104682678185863,TRUE
"CAD","TG",38,0.0378533345799836,0.0792376011854563,0.632849976886454,-0.0321406597667219,-0.298939649363113,TRUE
"eGFR","BMI",60,-0.0968201585398329,0.0346802795385279,0.00524168915769605,-0.0415597888585165,0.0606520389990349,TRUE
"eGFR","CAD",50,-0.0364344343589157,0.0904592784803456,0.687116206469614,-0.160101913126578,-0.120546967438872,TRUE
"eGFR","HbA1c",60,-0.0210497522299225,0.0443442382211619,0.635008175079095,0.0538165075439713,0.157780249938429,TRUE
"eGFR","HDL",60,0.175524552986306,0.0652734513409623,0.00716524671247866,0.0899382252351054,0.311666214507685,TRUE
"eGFR","HF",57,0.0161549948896986,0.0860204496787805,0.851030205619586,0.0116703891048729,0.517825724702639,TRUE
"eGFR","LDL",60,-0.0312858054887248,0.0419280327118057,0.455559465345007,-0.03130364906552,-0.104963775319984,TRUE
"eGFR","Stroke",56,0.155474057280541,0.0837960459133239,0.063541045395539,0.151255723679443,0.259322404730849,TRUE
"eGFR","T2D",60,0.0269207049852337,0.0765556980993623,0.725101803541127,0.0174028050184137,0.260745652400602,TRUE
"eGFR","TC",60,0.0280203176679276,0.03567861432462,0.432246450654614,-0.0175187552118881,-0.070249349590012,TRUE
"eGFR","TG",60,-0.0112569965106157,0.0645674157250894,0.861594452505084,-0.0554048075830244,-0.0962250663791262,TRUE
"HbA1c","BMI",24,-0.303173263220362,0.0493933772843843,8.36018626996618e-10,-0.138294471798391,-0.563436885090374,TRUE
"HbA1c","CAD",21,0.0665103637251991,0.0634916856100364,0.294848536358326,0.106575480025063,0.170335356803703,TRUE
"HbA1c","eGFR",24,-0.00435453830131063,0.021433802431452,0.839008262362977,0.0131698121521395,0.0423187906910092,TRUE
"HbA1c","HDL",24,0.124467123704637,0.037024336303197,0.000774459600379071,0.132100044451095,0.147825572102688,TRUE
"HbA1c","HF",24,-0.180075010779324,0.0564097861724289,0.00141161544265285,-0.155787821934154,-0.0923740977104957,TRUE
"HbA1c","LDL",24,0.0306605965400296,0.03561060118063,0.389240070329528,0.0319007039042046,-0.158550860308064,TRUE
"HbA1c","Stroke",23,-0.0307007990166463,0.0488980873854835,0.530100401264885,-0.0905325002163415,-0.0792539622258634,TRUE
"HbA1c","T2D",23,1.51245726613517,0.208511232569691,4.05834768041362e-13,0.246120064511468,2.69586795442547,TRUE
"HbA1c","TC",24,0.0675076321273591,0.0311706081101526,0.0303305716641896,0.0500688053581578,-0.101569632529142,TRUE
"HbA1c","TG",24,-0.0906830154324265,0.0325887183897436,0.00539168425914882,-0.0575572250898675,0.0385390251253951,TRUE
"HDL","BMI",47,0.0114697890615391,0.0177385048693281,0.517888237195387,-0.00918387483913884,0.0284239154910055,TRUE
"HDL","CAD",43,-0.143862999091129,0.0471084006951853,0.00225908873869837,-0.0898211606486496,-0.0632720415505464,TRUE
"HDL","eGFR",47,0.0362575140246484,0.0179821035891438,0.0437674610030814,0.0105778891218841,0.03246427562428,TRUE
"HDL","HbA1c",47,-0.0442669360943106,0.0267033665151879,0.0973722455369933,0.00811665558307062,-0.0057956324207833,TRUE
"HDL","HF",45,-0.0180833189020734,0.0322522863723579,0.575013442170643,-0.0190926165149164,0.0359431241675841,TRUE
"HDL","LDL",47,-0.102535756827823,0.0772932905769348,0.184647555102717,-0.0643474872861826,-0.0927381835164575,TRUE
"HDL","Stroke",47,0.00540768636715353,0.0387693773846842,0.889068136032608,0.00264901647547882,0.0490578039684547,TRUE
"HDL","T2D",47,-0.0210477553231903,0.0508100552080657,0.67869549588789,0.0105030599223253,0.0245270425485949,TRUE
"HDL","TC",47,0.173843683172385,0.0564224090060435,0.00206230020928833,0.211242939187278,0.137041208038775,TRUE
"HDL","TG",47,-0.266835479764733,0.0869644355498927,0.00215259649353143,-0.120167216188251,-0.320402787383232,TRUE
"LDL","BMI",27,-0.068132069579973,0.0210319789811196,0.00119759957338553,-0.0436968867949508,-0.056442819479521,TRUE
"LDL","CAD",22,0.526820176357244,0.0848778348670536,5.40725972626563e-10,0.340212409748849,0.469221581144679,TRUE
"LDL","eGFR",27,0.0230178457012592,0.0324314512285094,0.477866386324063,0.0215085045995917,0.022047752637164,TRUE
"LDL","HbA1c",27,0.0470458822787397,0.0444335849241147,0.289694948099225,0.0114683281479485,0.0158098787361496,TRUE
"LDL","HDL",27,-0.113598512166294,0.130649800559081,0.384579940830559,-0.140336219402546,-0.146423481914206,TRUE
"LDL","HF",25,-0.010720077418922,0.0472128596387442,0.820378313920124,0.0104085064732333,0.011652429753957,TRUE
"LDL","Stroke",25,-0.0521605865642698,0.0597538639415395,0.382704461501183,-0.0155668918694085,-0.0175381292403272,TRUE
"LDL","T2D",27,-0.0512411063037128,0.060604857425113,0.397834501282176,0.00349908674050105,0.0219424096328876,TRUE
"LDL","TC",27,0.615575360261313,0.0482116786079984,2.46861219828582e-37,0.568118621638808,0.587102863473184,TRUE
"LDL","TG",27,-0.214504572480566,0.119734594886245,0.0732130333518847,-0.275135799535416,-0.255550769104771,TRUE
"SBP","BMI",22,0.0744224846023972,0.0620345882373738,0.230258446492809,0.149402738957615,0.175941368037637,TRUE
"SBP","CAD",20,0.5272676763695,0.226072418594694,0.0196851530086704,0.345591328053879,-0.51338579569063,TRUE
"SBP","eGFR",22,0.0571297967190531,0.0861886312797291,0.507429135508752,-0.0858467887245311,0.812805853180898,TRUE
"SBP","HbA1c",22,-0.199827750674473,0.0674530544210795,0.0030518006960052,-0.208570021485742,-0.421912026898935,TRUE
"SBP","HDL",22,0.26750701708053,0.156085626795222,0.0865566714222673,0.000476527840712788,1.83560550485127,TRUE
"SBP","HF",20,0.85693325801767,0.132649634989944,1.04616348380045e-10,0.691382595202863,0.25828883114017,TRUE
"SBP","LDL",22,-0.243766926002738,0.071186593233868,0.000616300131577811,-0.103574123601578,-0.938130758963599,TRUE
"SBP","Stroke",21,0.972974234398061,0.169511589455914,9.47500898283754e-09,1.23390418611363,1.55221573778577,TRUE
"SBP","T2D",22,-0.0761618172412093,0.101853346566236,0.454605177150512,-0.216493198043019,0.66518628667059,TRUE
"SBP","TC",22,-0.115268771799284,0.0284195452282182,4.99270517050526e-05,-0.137131187117368,-0.19276272775046,TRUE
"SBP","TG",22,-0.0560005988312382,0.0438948603030466,0.202029964823987,-0.0452864239192967,-0.369117658654457,TRUE
"T2D","BMI",127,-0.0977180946619953,0.0188343154376614,2.122215607778e-07,-0.165309006045719,-0.181627526655113,TRUE
"T2D","CAD",128,0.0535197053982031,0.0175311696901176,0.0022669326174534,0.0592118988628304,0.00639175365023695,TRUE
"T2D","eGFR",126,0.0156741985876345,0.00891401903508158,0.0786835262510501,0.015594663779071,0.0204108986970857,TRUE
"T2D","HbA1c",126,0.336508792453623,0.0126023433134431,4.45204331609743e-157,0.334842500267266,0.385183914979571,TRUE
"T2D","HDL",126,0.0339525744102785,0.0126619280215399,0.00732995853776562,0.0533538405941933,0.0819518223299235,TRUE
"T2D","HF",137,-0.0371254404639702,0.0213357392748624,0.0818486970892084,-0.0885113595140902,-0.108444713229825,TRUE
"T2D","LDL",126,0.0150594429725135,0.0107230803301814,0.16020118757491,0.0183006127985434,0.0198290096506178,TRUE
"T2D","Stroke",138,-0.013349231374952,0.0151569227589762,0.378461303694102,-0.0396261982440285,-0.0311211489002736,TRUE
"T2D","TC",126,0.012549308913292,0.00989055753333074,0.204506290832283,0.0321416637713386,0.0353646662864122,TRUE
"T2D","TG",126,-0.0187044747389596,0.0145072369779943,0.197286765898106,-0.0182000988450121,-0.0319779801538951,TRUE
"TC","BMI",44,-0.101528345014577,0.025227454522179,5.70921255832464e-05,-0.0790684019986188,-0.135674028138973,TRUE
"TC","CAD",40,0.581680121280956,0.094920634479176,8.89524608916831e-10,0.590832405213936,0.893263574989158,TRUE
"TC","eGFR",44,0.064111255435257,0.0315179369057313,0.0419395311420468,0.0223353931186966,0.00517001938309038,TRUE
"TC","HbA1c",44,-0.00493768948056029,0.0510340561842163,0.922922682476414,0.0131225509057231,0.0309512988662471,TRUE
"TC","HDL",44,0.511199330798222,0.186753122705804,0.00619457657113968,-0.0261762297086208,0.0870337589974385,FALSE
"TC","HF",42,-0.0284099540905202,0.0555113623598608,0.608800587883295,0.0136545098593377,0.127077027083211,TRUE
"TC","LDL",44,0.94309592930264,0.110612678600769,1.51350587197707e-17,0.847234234223723,1.55469404757919,FALSE
"TC","Stroke",40,-0.0258498858877948,0.0458044331539299,0.572513671444944,-0.0148658514982501,-0.0219442475215627,TRUE
"TC","T2D",43,-0.0449749336865232,0.0595603815588111,0.450180022336304,0.00335376849668725,-0.00554391221177403,TRUE
"TC","TG",44,0.110687195821215,0.126992314412253,0.38342364585828,-0.138253160329011,-0.387651005600962,TRUE
"TG","BMI",34,-0.0615248685382655,0.0191857811146145,0.00134222568699067,-0.0537030270792031,-0.0496809367068852,TRUE
"TG","CAD",30,0.226175571597121,0.0486052678328493,3.26642306801334e-06,0.265651341326156,0.309446062579688,TRUE
"TG","eGFR",34,0.0228910791915178,0.0282295636920201,0.417428674862301,-0.0499866309524338,-0.0366515000988266,TRUE
"TG","HbA1c",34,-0.0473344603466428,0.040371305160602,0.241005267180679,-0.0193501582477302,-0.0330074138909173,TRUE
"TG","HDL",34,-0.469944001751264,0.158069063586736,0.00294876031900777,-0.640057102312669,-0.569927882299244,FALSE
"TG","HF",33,0.00225702528365046,0.0404170016476708,0.955466511510513,-0.00828518101041929,0.0260362034236082,TRUE
"TG","LDL",34,-0.114808992265349,0.0510978181627172,0.0246497908213685,-0.124871929864885,-0.131548680166252,TRUE
"TG","Stroke",33,0.0311327860847617,0.037766697830003,0.4097435930125,-0.0155911719195257,-0.0862876033428546,TRUE
"TG","T2D",34,-0.0528717036026625,0.0657368148044884,0.421227396336559,0.0493338887513459,-0.0622637272689161,TRUE
"TG","TC",34,0.123126696798207,0.0621582835605723,0.0476072660665119,0.098369225392601,0.0934055719194994,TRUE
