"exposure","outcome","provider","nsnp","ivw_b","ivw_se","ivw_p","egger_b","egger_p","egger_intercept","egger_intercept_p","wm_b","wm_p","Q","Q_p","steiger_correct","steiger_p"
"BMI","CAD","CARDIoGRAM",503,0.42167954823159,0.0366842497482436,1.40041726863249e-30,0.569428168684668,7.90673883407824e-09,-0.00258841868854376,0.100594839646098,0.401067666360798,1.21167330004592e-16,798.426545655969,6.8903991424052e-16,TRUE,0
"BMI","CAD","FinnGen",493,0.281140078738495,0.0321597665154401,2.29057330058782e-18,0.306018366751328,0.000403254431213372,-0.000434371556195903,0.754887346513258,0.268474589280287,1.14116649680762e-10,1030.7082469824,2.46509724026273e-40,TRUE,0
"eGFR","CAD","CARDIoGRAM",323,0.385849895972053,0.307174422116795,0.209070151830229,1.12894357534985,0.0972241097102523,-0.00257234090402901,0.220527689353426,0.370467974015885,0.342760342264009,734.693589976556,2.81093555028848e-34,TRUE,0
"eGFR","CAD","FinnGen",327,0.297584858561145,0.274264346982492,0.277908668493197,0.234460010285069,0.692683801860968,0.000221640699796048,0.904410658460548,0.401071508038901,0.157909548690987,1091.30594015389,2.945163813522e-83,TRUE,0
"HbA1c","CAD","CARDIoGRAM",306,0.213911092408723,0.0359503960542341,2.67858464675178e-09,0.118451087798283,0.0683751737158837,0.00316888898058296,0.0778283395712802,0.143877694090183,0.00112933294177385,670.314947630059,1.78264292250398e-29,TRUE,0
"HbA1c","CAD","FinnGen",318,0.134163416759035,0.0313394974686587,1.8608129090446e-05,0.100407346112298,0.0670949042484646,0.00117242557245679,0.451247392431156,0.117632202323738,0.000385144762265941,1032.3585882165,1.20662483711621e-76,TRUE,0
"HDL","CAD","CARDIoGRAM",458,-0.276110527942251,0.0374049013488776,1.56319712524111e-13,-0.159079979873093,0.00467645105126333,-0.0036530009538814,0.00541134475275096,-0.241123970829119,3.87152922923413e-06,1145.76514839489,7.76457576350144e-61,TRUE,0
"HDL","CAD","FinnGen",529,-0.299038339551091,0.0291429300918172,1.05504812782477e-24,-0.17499869050861,1.8035662932869e-05,-0.00452098566824528,1.6469840564265e-05,-0.168211045771404,1.72521929544653e-06,1760.83947635393,2.55663166299297e-132,TRUE,0
"HF","CAD","CARDIoGRAM",46,0.760740716637588,0.146427967255666,2.04363718289852e-07,1.32453017153983,0.00460111137620792,-0.0242324397463045,0.185465283527989,0.32119082093843,6.83818845636069e-05,528.241903624546,1.05224992960879e-83,FALSE,7.29556938810951e-35
"HF","CAD","FinnGen",43,0.690194626309644,0.145489899562025,2.09606133361807e-06,1.21848193056154,0.00703402379117993,-0.0230985888133681,0.198745231107251,0.310639617601532,4.20873572323859e-08,893.551017595348,4.01205464604474e-160,FALSE,1.99602589674708e-23
"LDL","CAD","CARDIoGRAM",358,0.603291175728615,0.0445764126505476,9.86942962033013e-42,0.717114405708835,1.7421044442262e-22,-0.0037926993742002,0.0303027740864072,0.556676912369948,3.00974283032689e-30,1047.87348468391,4.35359951236456e-69,TRUE,0
"LDL","CAD","FinnGen",455,0.423006498544569,0.0288079648657766,8.20342492201461e-49,0.47060292619085,1.23197206732719e-31,-0.00251714049435313,0.0446603647215296,0.387487297033759,4.58281748917836e-30,1787.59021181953,3.0312114998446e-157,TRUE,0
"SBP","CAD","CARDIoGRAM",430,0.0330630810669215,0.0029853792880298,1.65876772713339e-28,0.0311547755052314,4.34635170924451e-05,0.000634461245229614,0.782994443567004,0.0303650267334796,5.11022483954241e-24,1249.95204167444,3.20354482150193e-81,TRUE,0
"SBP","CAD","FinnGen",424,0.0312575983739088,0.0028120787003089,1.05484439758698e-28,0.0338041325295033,2.9360322734686e-06,-0.000847075862406692,0.697797386124162,0.0298177189704025,1.80031730141871e-32,1956.04128493037,4.34437209888427e-195,TRUE,0
"T2D","CAD","CARDIoGRAM",116,0.147583582511704,0.0216389791836501,9.08724284889489e-12,0.0581302531710478,0.236930874427971,0.00724427133128309,0.0442985997610208,0.109874752731908,2.21046328946815e-05,284.979539060406,1.96586325096358e-16,TRUE,2.94893542810601e-158
"T2D","CAD","FinnGen",115,0.147416877014699,0.0261044489885635,1.63088149907883e-08,0.09436492496584,0.133751175509445,0.00420590626013395,0.351937760670098,0.131326971263022,8.35833141368791e-10,703.238197455733,1.25031223468579e-85,TRUE,0
"TC","CAD","CARDIoGRAM",427,0.450738670776369,0.0402588180435528,4.26449059827059e-29,0.570559116735338,8.9224579469854e-19,-0.00391097094627588,0.0106665920202363,0.419985368409604,2.12357790150326e-18,1173.44180386679,4.13726688296063e-71,TRUE,0
"TC","CAD","FinnGen",507,0.344916991022361,0.027723961714625,1.5630696869045e-35,0.412369247441965,9.34846694704941e-27,-0.00323231617777855,0.00460529664496383,0.284722036335087,4.86024562681668e-18,1904.11089612997,9.39949066413715e-161,TRUE,0
"TG","CAD","CARDIoGRAM",432,0.387315553990772,0.0435768749340965,6.21635973214362e-19,0.220602754394136,0.00106978465626106,0.00455124487473083,0.00123533705842712,0.307020507832757,3.75508604502335e-08,1113.8483721642,6.5259284383644e-62,TRUE,0
"TG","CAD","FinnGen",486,0.351902029384489,0.0325484315864886,3.03189798759841e-27,0.279459876799127,3.473358668578e-09,0.00240095506460531,0.029762158464915,0.342640743266486,3.62031517102222e-21,1622.64883632349,1.5375468194779e-122,TRUE,0
"BMI","eGFR","CKDGen",477,-0.00259236220954414,0.00353851637404096,0.46379465282852,0.00617448667790901,0.512587241030918,-0.000153899877720915,0.315927809761208,0.00186697367081658,0.70853197546605,750.018808993595,1.37483749499201e-14,TRUE,0
"CAD","eGFR","CKDGen",78,-0.00502754010044211,0.00399266452164365,0.207960187653021,-0.0074614200951307,0.362230377773479,0.000148566939667461,0.731986390769781,-0.00349735238911387,0.357968029004449,255.389131537389,5.57537620579833e-21,TRUE,4.5712875065118e-31
"HbA1c","eGFR","CKDGen",111,-0.000247823782176115,0.0053220915827166,0.962859839708115,-0.00697617434670697,0.445714402169374,0.000233388315029386,0.365027379811212,-0.00227859991724571,0.700983827249482,273.617996695894,6.11276153323993e-16,TRUE,0
"HDL","eGFR","CKDGen",168,0.00784373919091252,0.00574418790918923,0.172093186301772,0.0154334913637874,0.0763688507749046,-0.000230397949672315,0.243112186909853,0.00881973926332118,0.147942892857278,464.940076625207,6.57224855890264e-30,TRUE,1.19783639761775e-212
"HF","eGFR","CKDGen",12,0.00196077338225385,0.0165704214682921,0.905806407291502,-0.107337500283211,0.103199790004497,0.00405910023181108,0.0887240034035079,0.0211810120715808,0.081784986565104,47.481251835031,1.76610923287654e-06,TRUE,0.783007270619404
"LDL","eGFR","CKDGen",127,0.00527479061677291,0.00840657832015259,0.530357827508356,0.0257917481664152,0.139836140514974,-0.000445877692693198,0.179571151524221,-0.00642446229304489,0.471556286121151,375.295613213374,1.34127644798345e-26,TRUE,1.17120532351892e-119
"SBP","eGFR","CKDGen",175,-6.26024006629049e-05,0.000424770978021667,0.882832733867433,-0.00093816457142343,0.365388257909106,0.000293200064797188,0.354132364266269,7.08560127268809e-05,0.871778960593818,505.1195277978,5.16628487941511e-34,TRUE,2.85500170357296e-143
"T2D","eGFR","CKDGen",96,-0.000968238303678631,0.00235662982904259,0.681177256747838,-0.00142780166428358,0.779601379594344,3.88895788679524e-05,0.918918106160206,-0.00311727537795312,0.20443971598456,275.143864362467,1.97804368858554e-19,TRUE,1.17426317498681e-95
"TC","eGFR","CKDGen",146,0.004699537794863,0.00672781257079563,0.484849624075581,0.00441473533735572,0.689482735505066,7.58871177918967e-06,0.973986069751534,-0.00316037110914714,0.66272102304565,393.043045726541,9.27952609770751e-25,TRUE,3.24054922649917e-164
"TG","eGFR","CKDGen",159,0.00185683996885733,0.00794827929894873,0.815283617847583,-0.00241068617838437,0.879526612282356,8.42799822890012e-05,0.756407658392742,0.00161663542924775,0.858680963110998,463.070747922037,1.02002062802904e-31,TRUE,1.36424821905988e-104
"BMI","HF","FinnGen",493,0.515523498303481,0.0318733962854654,7.68120217164948e-59,0.636421291820728,3.20788590280414e-13,-0.00211063139553147,0.125488228129793,0.521191913377324,1.43940740211981e-31,755.099794692098,2.00601199093231e-13,TRUE,0
"BMI","HF","HERMES",505,0.522361130294578,0.0318474707403011,1.85148218772441e-60,0.700327970055185,1.14468916778299e-15,-0.00309870654839057,0.0237052661847439,0.563742108810964,5.54901878019509e-32,687.152554831498,9.48660793597319e-08,TRUE,0
"CAD","HF","FinnGen",174,0.184839214701034,0.0197099349626889,6.72539188329792e-21,0.150219292272662,0.000199236479181153,0.00214211250154458,0.313484485470295,0.180476485645888,3.8468518529123e-12,335.2070030764,1.88452428796166e-12,TRUE,0
"CAD","HF","HERMES",172,0.309756560011843,0.0192512773256701,2.98956217285587e-58,0.317597068646439,5.57913984432007e-14,-0.000481662631508412,0.815601209475396,0.313313832592396,1.54482439193584e-24,267.09470178109,3.58278941680133e-06,TRUE,0
"eGFR","HF","FinnGen",327,0.198269545247675,0.232653299247872,0.394097363486622,0.00570596543519824,0.990947367143783,0.000676229073700115,0.665686679784964,0.224214961224997,0.469023571554664,585.87113394372,4.49514439655758e-17,TRUE,0
"eGFR","HF","HERMES",330,0.177709679595784,0.239341519508344,0.457787991071896,0.383977745287616,0.470189477021668,-0.000710264645442083,0.663691926694689,0.317757583154463,0.339720306306988,538.797653655205,2.29979627624097e-12,TRUE,0
"HbA1c","HF","FinnGen",318,0.00213768288763103,0.0261139387354179,0.934758169003243,-0.096771477996499,0.032356252744628,0.0034390718598764,0.0076587199137213,-0.0138561031118628,0.686669407551855,535.215600862615,2.10135269527344e-13,TRUE,0
"HbA1c","HF","HERMES",307,0.0283725721989589,0.028510294113895,0.319653883222226,-0.048956442126311,0.337426186407919,0.00259246345645119,0.068546077270745,0.00378060507498613,0.921825152871478,504.141517654817,6.85064515621542e-12,TRUE,0
"HDL","HF","FinnGen",529,-0.095356709849076,0.0241643743971226,7.94115085362313e-05,0.0173176265607846,0.6042962241864,-0.00410801638782742,2.23168387783559e-06,-0.0110661092040535,0.739848016018011,902.829928644801,4.41225852749129e-22,TRUE,0
"HDL","HF","HERMES",461,-0.119845089162638,0.0289946519755556,3.57511272081472e-05,-0.00534529208975286,0.900920801119399,-0.00359636510006244,0.00037728976773336,-0.0333989149863545,0.431701102781208,819.11995033734,1.49880760532992e-22,TRUE,0
"LDL","HF","FinnGen",455,0.0304781129258978,0.0223969392977595,0.173571850243768,0.0354237527290735,0.223029548810775,-0.000261689676674056,0.788709071806953,0.00931559910232389,0.785822727419335,805.789957545407,4.99415194748631e-22,TRUE,0
"LDL","HF","HERMES",358,0.160379411674366,0.0309106669599406,2.12016261679985e-07,0.246238458659747,3.50851283905603e-07,-0.00287276088236654,0.0180471031455956,0.140348072405608,0.00124836435954771,593.159626611289,5.29581103750951e-14,TRUE,0
"SBP","HF","FinnGen",424,0.0212422084955732,0.00213590393889764,2.64372432292877e-23,0.0222045241011374,4.97336994296749e-05,-0.000320145542905745,0.846770858506943,0.019403674083201,6.97001916873144e-13,841.655131582995,5.29124341797109e-30,TRUE,0
"SBP","HF","HERMES",437,0.0193334441049999,0.00211599668179633,6.43260133664777e-20,0.0170051925741337,0.00166438943019432,0.000772030316782805,0.637617720350797,0.0219069616587994,5.41580976531083e-16,752.423272650895,3.27090053287703e-19,TRUE,0
"T2D","HF","FinnGen",115,0.0580408857221511,0.0165181865447776,0.000441817581501375,0.0609956992091765,0.127409480565101,-0.000234128442353656,0.934888205539298,0.0513255161489177,0.0336056442996731,209.898933927692,1.16411104620855e-07,TRUE,0
"T2D","HF","HERMES",116,0.0464191040275035,0.0178232750641914,0.00920327660359702,-0.0175195959731915,0.66682349109909,0.0051708505000723,0.0828649505561017,0.0147291313514223,0.583390227430188,221.037175977672,1.07334535132584e-08,TRUE,0
"TC","HF","FinnGen",507,0.0395642844757098,0.0209479989302772,0.0589333257493501,0.065908067860468,0.0175211668181077,-0.00125634855724492,0.145681749577974,0.0154256998898208,0.636395932788537,806.20794772855,4.07513648095899e-16,TRUE,0
"TC","HF","HERMES",413,0.11469958341176,0.0294068190649576,9.60173459686467e-05,0.237154052759704,1.32591766941934e-07,-0.00406567230755576,0.000271658794782895,0.105774425295077,0.0121927438193462,720.851065707937,3.49765954438794e-19,TRUE,0
"TG","HF","FinnGen",486,0.0653891087065479,0.0270628692436452,0.015683756087808,0.0291904070300455,0.451238903037409,0.00120033766249868,0.191986304030263,0.065093216067378,0.0965611955648678,837.223301905584,3.5805524498795e-21,TRUE,0
"TG","HF","HERMES",436,0.170001333667872,0.033168907655661,2.97029595862799e-07,0.0945966076080559,0.0659350608962765,0.00207558044882867,0.0552951230868675,0.189019446479036,0.000659703506707875,784.125230836648,2.33298189228307e-22,TRUE,0
"BMI","Stroke","MEGASTROKE",495,0.202219657812579,0.0301034317803849,1.8487488272332e-11,0.239847185621013,0.0027659712446716,-0.00066096188500834,0.61053452217077,0.184256037573771,0.000100771143300814,712.404928218719,3.92307572394307e-10,TRUE,0
"CAD","Stroke","MEGASTROKE",170,0.21648398844783,0.0242000790138913,3.69967547347446e-19,0.141804864045532,0.00421276635201682,0.00450951501995656,0.0810407397315934,0.212871674561493,7.88616120351757e-16,479.933200179373,1.42266193015899e-31,TRUE,0
"eGFR","Stroke","MEGASTROKE",325,-0.183306782376304,0.205387108773843,0.372128154847307,-0.350106500963327,0.444332767245657,0.000572484185573921,0.683151611298425,-0.503936079242278,0.0828619076511835,451.106344036406,3.66946904453008e-06,TRUE,0
"HbA1c","Stroke","MEGASTROKE",295,0.117448406442059,0.0279058431852658,2.56799975956943e-05,-0.0224922957028964,0.655174913962787,0.00455678437787054,0.00101953927652115,0.0525742082692863,0.194945714270775,514.712441910735,2.87454363360708e-14,TRUE,0
"HDL","Stroke","MEGASTROKE",439,-0.120741333114676,0.0259195998961009,3.18827713326594e-06,0.00781605991369757,0.83941316550561,-0.00389514276365178,1.18362856018823e-05,-0.0718892796039315,0.0513478703848875,679.521165691221,1.00775257993729e-12,TRUE,0
"HF","Stroke","MEGASTROKE",44,0.414386843906366,0.0689059104319885,1.8121628869299e-09,0.591619248562436,0.00714849083075812,-0.00775352942509506,0.374572502412685,0.301869694341269,5.97419383755484e-06,151.796944047843,4.69694549865303e-14,TRUE,1.05520093227005e-11
"LDL","Stroke","MEGASTROKE",333,0.0710676710593959,0.0299118535296633,0.0175060506305839,0.0866052264495488,0.0665289304415134,-0.000494339044626069,0.668739218917702,0.108085105533125,0.00991342131677756,559.24992482043,7.8203675211994e-14,TRUE,0
"SBP","Stroke","MEGASTROKE",429,0.0327044406581742,0.00213039813689735,3.47009173243937e-53,0.0413555700240406,1.79101206704737e-13,-0.00286036513419305,0.0844861312373149,0.0344206448904844,2.36236928191656e-36,867.186364332897,4.78057235699226e-32,TRUE,0
"T2D","Stroke","MEGASTROKE",115,0.0934834539707578,0.0149725518323834,4.27461224618741e-10,0.0920570181602614,0.0102081502014501,0.000113294003558111,0.964374602565104,0.098793836667213,9.10821863097329e-06,176.190651711111,0.000167725610179655,TRUE,0
"TC","Stroke","MEGASTROKE",400,0.0387324863844193,0.0276550396316101,0.161346294496354,0.0532831937361139,0.214527679739096,-0.000461626510692964,0.656779788323201,0.0930620516529719,0.0131454116211173,679.940989102205,5.94619662100381e-17,TRUE,0
"TG","Stroke","MEGASTROKE",419,0.12094141987386,0.0284339452702663,2.10533204066844e-05,0.036719726216837,0.411232419463209,0.00225452184090715,0.0152027282027931,0.0365150088239226,0.396867649952666,622.630704121331,2.9651180456023e-10,TRUE,0
"BMI","T2D","FinnGen",493,0.869043921232071,0.0482263788220881,1.35510944519481e-72,1.05360750693514,2.11964576702157e-15,-0.00322293546726623,0.121951828469121,0.931771849142111,1.1583422035107e-144,3371.14742960865,0,TRUE,0
"BMI","T2D","Mahajan",505,0.929119369836374,0.057848232789374,4.76254088438487e-58,0.993540413880743,3.26474025102802e-10,-0.00112096841338241,0.654049768730154,0.985975793512475,8.34319684020356e-95,2512.73789367915,2.7023325012664e-263,TRUE,0
"CAD","T2D","FinnGen",174,0.145011785490461,0.0251985341226904,8.67594837679871e-09,0.0236299371080097,0.634470562000772,0.00750024454177259,0.00534536050372275,0.0925397739872113,4.28458655715738e-05,1065.99125158501,2.07559220492046e-128,TRUE,1.51415626900452e-252
"CAD","T2D","Mahajan",170,0.0958307115052798,0.0273909358908039,0.000467657516842588,-0.0317824990175877,0.549910902277918,0.00800787849721763,0.00589058913004652,0.0583314931218845,0.0413559210775556,600.227345774569,1.25571200608733e-49,TRUE,8.18446688038379e-126
"eGFR","T2D","FinnGen",327,0.473157284842868,0.279315969644164,0.0902679823914408,0.351712353439889,0.560480568724969,0.000426469252281815,0.820510125551437,0.85605780909814,0.000875210340654171,1645.75974350355,8.27126481102666e-175,TRUE,0
"eGFR","T2D","Mahajan",330,0.61834454913625,0.317558763594387,0.0515129789991187,0.30836049666473,0.655949134935548,0.00108869750327482,0.614054690406212,0.591851147224461,0.0721817905973452,1087.53902612922,6.76068014149419e-82,TRUE,0
"HbA1c","T2D","FinnGen",318,0.758399043682365,0.0566158650062478,6.42232361944175e-41,0.505914571997756,3.77959591248253e-07,0.00874866260967273,0.0017346467443176,0.286967791270725,1.13481811557209e-15,4883.89713287495,0,TRUE,0
"HbA1c","T2D","Mahajan",307,0.852033343185692,0.0705063873872325,1.27567788716515e-33,0.50440199473278,4.107864222934e-05,0.0120666546332692,0.000543910101764741,0.298375266622018,8.82962708990116e-09,3502.80914851184,0,TRUE,0
"HDL","T2D","FinnGen",529,-0.342160612946885,0.0348593222067796,9.65873409813404e-23,-0.0521952405588702,0.255642256625646,-0.0105664426844102,5.58571391547369e-18,-0.164468243369516,8.36786672887103e-09,3662.95620249865,0,TRUE,0
"HDL","T2D","Mahajan",546,-0.350766478599553,0.0399130247074511,1.51879211259287e-18,-0.0304197059293637,0.573686095067961,-0.0111379259451347,1.06275883797208e-15,-0.135700377400702,0.000399971321829748,2331.47918373532,8.89984102702631e-219,TRUE,0
"HF","T2D","FinnGen",43,0.376727418184804,0.103129235624661,0.000259230262586372,0.2753476275486,0.383576440390119,0.00441777262622702,0.732627018933936,0.234722924412957,5.87088508121304e-06,648.822496930017,9.4041712181801e-110,FALSE,0.00148322950981196
"HF","T2D","Mahajan",45,0.344967991786173,0.110458736588559,0.00178988249579698,0.288757964876419,0.40517524225496,0.0023934612400799,0.863420455993859,0.284435615452461,3.35230396818334e-05,368.619947921941,7.50889361676924e-53,FALSE,0.00155080125011063
"LDL","T2D","FinnGen",455,0.045072813858115,0.0264043813792841,0.0878182875327535,-0.00436399323233485,0.897908271831047,0.00262753075358535,0.022310468434268,0.0444359082350511,0.0819713453274993,2195.68366499329,1.04967307310064e-225,TRUE,0
"LDL","T2D","Mahajan",472,-0.0490215175281551,0.0332592658174639,0.140502966520282,-0.111620360147046,0.017552060872821,0.00255822902330011,0.0589361804026856,-0.0499979092650768,0.177715981351744,1296.28565252548,3.20352490876849e-78,TRUE,0
"SBP","T2D","FinnGen",424,0.0137675538249033,0.00230175124045839,2.21311113942759e-09,0.00421037781047427,0.469561877178247,0.00317910561176945,0.0744540003518198,0.00850282185223179,3.39207720494756e-05,1905.01995450554,2.01389817273185e-186,TRUE,0
"SBP","T2D","Mahajan",437,0.0168181154498825,0.00262480749611868,1.48050250354798e-10,-0.00268091468632384,0.684465011226681,0.00647140206089119,0.00138796827123135,0.00996552337948557,0.000150386176423102,1291.11508388579,1.71347685878352e-85,TRUE,0
"TC","T2D","FinnGen",507,0.0357516738232399,0.025052899660702,0.153566249690241,0.00298849440230692,0.927802901402685,0.00157731293304081,0.127542654162917,0.0225382697880312,0.378141467060725,2272.63106532413,1.94204669427518e-221,TRUE,0
"TC","T2D","Mahajan",523,-0.0667512249812868,0.0315358302122902,0.0342871126127772,-0.0921028274202191,0.0467212589031655,0.000928990958677565,0.452907812191283,-0.0553496254017438,0.14853571433047,1352.74105932986,5.38102522346997e-75,TRUE,0
"TG","T2D","FinnGen",486,0.424758094195544,0.0500943235820966,2.26813530842167e-17,-0.0362179257901746,0.58119305411073,0.0152635233338018,7.56608313118399e-21,0.0992792550155255,0.00843823255221599,5583.50092727591,0,TRUE,0
"TG","T2D","Mahajan",505,0.434952926268558,0.055974179184167,7.81155505622952e-15,-0.112032520647209,0.125033719440657,0.017507256589743,2.77472761420455e-23,0.0935830783888875,0.042322636087091,3436.18488115839,0,TRUE,0
