"edge","bx","by","sx","sy"
"CAD -> HF",0.03538309,0.0121,0.0062143238,0.0059
"CAD -> HF",0.03964405,0.0037,0.0050325052,0.0047
"CAD -> HF",0.30395836,0.0974,0.010439155,0.0092
"CAD -> HF",0.04820209,0.0058,0.0072765139,0.0067
"CAD -> HF",0.03805121,0.0093,0.0060685324,0.0057
"CAD -> HF",0.05866703,0.0202,0.0052901067,0.0052
"CAD -> HF",0.02864665,-0.0028,0.0050086288,0.0047
"CAD -> HF",0.05662931,0.031,0.0051081624,0.005
"CAD -> HF",0.04009814,0.0096,0.0052998463,0.0054
"CAD -> HF",0.04134343,0.02,0.0054915556,0.0058
"CAD -> HF",0.04143232,0.014,0.0054084137,0.0051
"CAD -> HF",0.04041485,0.015,0.0061525545,0.0081
"CAD -> HF",0.04022269,0.022,0.0062483251,0.0075
"CAD -> HF",0.05213168,0.0134,0.0084863523,0.0079
"CAD -> HF",0.03526434,0.0034,0.0049460637,0.0048
"CAD -> HF",0.03392628,0.0081,0.0049286309,0.0049
"CAD -> HF",0.03390518,0.0121,0.0053558082,0.0052
"CAD -> HF",0.08310403,0.0135,0.0096106963,0.0091
"CAD -> HF",0.03665452,0.0102,0.0048953293,0.0047
"CAD -> HF",0.04547212,-0.015,0.0056287184,0.0101
"CAD -> HF",0.13881684,0.0118,0.021816216,0.0183
"CAD -> HF",0.05459683,0.0155,0.0089678846,0.0084
"CAD -> HF",0.03862131,0.0125,0.0063517595,0.0061
"CAD -> HF",0.03713198,0.0041,0.0065952606,0.0078
"CAD -> HF",0.05443853,0.0202,0.0097775606,0.0097
"CAD -> HF",0.04981722,0.0127,0.0052780135,0.0051
"CAD -> HF",0.25133779,0.0422,0.022652937,0.0193
"CAD -> HF",0.06728478,0.0084,0.0074746123,0.0073
"CAD -> HF",0.0335757,0.0156,0.005817032,0.0057
"CAD -> HF",0.07486807,0.0054,0.0099021154,0.0093
"CAD -> HF",0.03290248,0.0184,0.0050555024,0.0048
"CAD -> HF",0.04208198,0.0226,0.0053270398,0.0052
"CAD -> HF",0.04634353,0.0085,0.0073087266,0.0067
"CAD -> HF",0.03837364,0.0113,0.0069210743,0.0079
"CAD -> HF",0.04578571,0.0167,0.0069519646,0.0068
"CAD -> HF",0.03480711,0.0123,0.0055553903,0.0053
"CAD -> HF",0.02849691,0.0128,0.0051482281,0.005
"CAD -> HF",0.05210807,0.023,0.0072146383,0.0066
"CAD -> HF",0.03723127,0.0192,0.0054669769,0.0054
"CAD -> HF",0.0481121,0.0128,0.0055060924,0.0053
"CAD -> HF",0.02826469,0.0061,0.0049638355,0.0049
"CAD -> HF",0.0299847,0.0209,0.0050319556,0.005
"CAD -> HF",0.09548326,0.0343,0.005969089,0.0056
"CAD -> HF",0.03381688,0.0094,0.0059481179,0.008
"CAD -> HF",0.03026208,-0.0041,0.0052917334,0.0052
"CAD -> HF",0.02868245,0.0103,0.0051409084,0.0049
"CAD -> HF",0.02842029,-0.0024,0.0049988045,0.005
"CAD -> HF",0.02819551,0.0093,0.0050617891,0.0049
"CAD -> HF",0.03521645,0.0057,0.0055871169,0.0102
"CAD -> HF",0.03068595,0.0146,0.0049462055,0.0047
"CAD -> HF",0.03236154,0.0076,0.0057772794,0.0054
"CAD -> HF",0.47972594,0.1492,0.02137107,0.0243
"CAD -> HF",0.02708085,0.0072,0.0049552391,0.0059
"CAD -> HF",0.08131363,-0.0374,0.014271377,0.0128
"CAD -> HF",0.06517368,0.0172,0.01036914,0.01
"CAD -> HF",0.11381468,0.0197,0.0076535989,0.007
"CAD -> HF",0.03151534,-0.0069,0.0056924994,0.0058
"CAD -> HF",0.08239244,0.0359,0.009028412,0.0093
"CAD -> HF",0.03025973,0.0106,0.0053131563,0.0051
"CAD -> HF",0.03964129,0.0046,0.0053291346,0.005
"CAD -> HF",0.06923909,0.0233,0.005524172,0.0056
"CAD -> HF",0.05574332,0.0041,0.0069843503,0.0067
"CAD -> HF",0.03227208,0.021,0.0048954542,0.0048
"CAD -> HF",0.03726063,0.0029,0.005753643,0.0057
"CAD -> HF",0.05878796,0.0161,0.0076468588,0.0078
"CAD -> HF",0.06429279,0.0209,0.0087743021,0.0086
"CAD -> HF",0.05950556,0.0096,0.0066405124,0.0063
"CAD -> HF",0.21406873,0.0649,0.033631414,0.0405
"CAD -> HF",0.036965,0.0199,0.0053767585,0.0053
"CAD -> HF",0.04476285,0.019,0.0055122903,0.0053
"CAD -> HF",0.04724263,0.0173,0.0049062042,0.0049
"CAD -> HF",0.04181016,0.0066,0.005489645,0.0053
"CAD -> HF",0.0649289,0.0163,0.0064022528,0.0069
"CAD -> HF",0.06070498,0.0181,0.0053276808,0.0052
"CAD -> HF",0.03110501,0.0098,0.0052976285,0.0054
"CAD -> HF",0.02851542,0.0118,0.0051256177,0.0048
"CAD -> HF",0.03193261,-2e-04,0.0058180534,0.0059
"CAD -> HF",0.03227089,8e-04,0.0050991079,0.0048
"CAD -> HF",0.03220675,0.0138,0.0051551797,0.006
"CAD -> HF",0.05499067,0.0041,0.0062961669,0.0064
"CAD -> HF",0.03907759,0.0062,0.0065081614,0.0067
"CAD -> HF",0.06524252,0.0123,0.0054134808,0.0053
"CAD -> HF",0.04163824,0.0132,0.005803748,0.0057
"CAD -> HF",0.10905558,0.0328,0.0076156775,0.0069
"CAD -> HF",0.04607903,0.037,0.007050207,0.007
"CAD -> HF",0.17427815,0.0428,0.0048914742,0.0049
"CAD -> HF",0.03581042,3e-04,0.0059181568,0.0056
"CAD -> HF",0.0289294,0.0154,0.0052832398,0.005
"CAD -> HF",0.05341285,0.0321,0.0081694126,0.0072
"CAD -> HF",0.04182197,0.0069,0.0073200238,0.007
"CAD -> HF",0.03408813,0.0054,0.0049749575,0.0048
"CAD -> HF",0.03347849,0.0164,0.0057283048,0.0056
"CAD -> HF",0.02970113,6e-04,0.0052499307,0.0052
"CAD -> HF",0.05695565,0.0132,0.0075593899,0.0079
"CAD -> HF",0.03781603,0.0131,0.0049762099,0.0048
"CAD -> HF",0.06806435,0.026,0.0066481103,0.0063
"CAD -> HF",0.03587231,0.0152,0.005226198,0.0049
"CAD -> HF",0.06356594,0.021,0.0064450456,0.006
"CAD -> HF",0.1119489,0.0483,0.0094982867,0.0088
"CAD -> HF",0.04610881,0.0125,0.0063045279,0.0068
"CAD -> HF",0.05266352,0.0017,0.0093209906,0.0088
"CAD -> HF",0.04870694,0.0202,0.0053595205,0.0054
"CAD -> HF",0.03103577,0.0113,0.0053250352,0.0053
"CAD -> HF",0.02865942,-0.004,0.0049708331,0.0048
"CAD -> HF",0.02920475,0.0153,0.0053334638,0.0054
"CAD -> HF",0.03278925,0.0263,0.0057835095,0.0056
"CAD -> HF",0.04829705,0.0276,0.0053301485,0.0052
"CAD -> HF",0.03155826,-0.0074,0.0053495504,0.0074
"CAD -> HF",0.04386094,0.0052,0.0073950599,0.0076
"CAD -> HF",0.07596013,0.0073,0.0073985494,0.0078
"CAD -> HF",0.05810981,0.0024,0.006493285,0.0065
"CAD -> HF",0.11445665,0.0421,0.0081921433,0.0085
"CAD -> HF",0.05778838,0.017,0.0059398575,0.0056
"CAD -> HF",0.11526619,0.0486,0.0088848367,0.0083
"CAD -> HF",0.06383691,0.0152,0.0069457684,0.0075
"CAD -> HF",0.07870587,0.0242,0.011219703,0.0097
"CAD -> HF",0.02842833,0.0018,0.0050264682,0.0063
"CAD -> HF",0.05449369,0.033,0.0095656009,0.0098
"CAD -> HF",0.06169973,0.016,0.0080258212,0.0077
"CAD -> HF",0.03349248,0.0109,0.0054927518,0.0056
"CAD -> HF",0.03382924,0.0158,0.0049690248,0.0048
"CAD -> HF",0.03895745,0.0194,0.0068945671,0.0067
"CAD -> HF",0.04817173,0.0221,0.0074686057,0.0069
"CAD -> HF",0.03299641,6e-04,0.0051010162,0.0049
"CAD -> HF",0.03565586,0.0061,0.0051780313,0.005
"CAD -> HF",0.04038446,0.0068,0.0068760967,0.0068
"CAD -> HF",0.03452124,0.0147,0.0050316272,0.0049
"CAD -> HF",0.05252652,0.0291,0.0092804034,0.0092
"CAD -> HF",0.03873517,0.0159,0.005371904,0.0054
"CAD -> HF",0.05375771,0.0445,0.0061037606,0.0057
"CAD -> HF",0.03934935,0.0142,0.0049497967,0.0047
"CAD -> HF",0.07844671,0.0226,0.0068575048,0.0069
"CAD -> HF",0.03653349,-0.0037,0.0050567503,0.0047
"CAD -> HF",0.03494098,0.0199,0.0051899603,0.0058
"CAD -> HF",0.03298296,0.0059,0.0049071265,0.0048
"CAD -> HF",0.03242807,0.0075,0.0054273945,0.0052
"CAD -> HF",0.09627739,0.0252,0.016575722,0.0146
"CAD -> HF",0.06872764,0.0082,0.004927585,0.0047
"CAD -> HF",0.06037827,0.0191,0.0050218825,0.0047
"CAD -> HF",0.03456895,0.0043,0.0061978191,0.006
"CAD -> HF",0.19714701,0.0523,0.025915402,0.0249
"CAD -> HF",0.05068574,0.0259,0.0076319974,0.0078
"CAD -> HF",0.04265219,0.0083,0.0058404417,0.0061
"CAD -> HF",0.10612084,0.0549,0.014594637,0.0153
"CAD -> HF",0.15368407,0.0238,0.0098659307,0.009
"CAD -> HF",0.03513634,0.0049,0.0057530724,0.0076
"CAD -> HF",0.05964956,0.0083,0.0076066849,0.0077
"CAD -> HF",0.03241119,0.0049,0.0053150627,0.0055
"CAD -> HF",0.06647675,0.0278,0.0068441206,0.0071
"CAD -> HF",0.09369847,0.0167,0.011181728,0.0127
"CAD -> HF",0.04452558,0.0083,0.005449701,0.0064
"CAD -> HF",0.06851571,0.0211,0.0086714891,0.0082
"CAD -> HF",0.042787,-0.0022,0.0062957286,0.0058
"CAD -> HF",0.06831842,0.0039,0.010700781,0.0098
"CAD -> HF",0.09509161,0.0146,0.017260451,0.0168
"CAD -> HF",0.03492086,0.0067,0.0051432577,0.005
"CAD -> HF",0.04710327,0.0174,0.006805113,0.0065
"CAD -> HF",0.04839459,0.0187,0.0081357906,0.0076
"CAD -> HF",0.0336515,0.0165,0.0049314145,0.0047
"CAD -> HF",0.03736159,0.0162,0.0055700092,0.0054
"CAD -> HF",0.04616711,0.0259,0.0055848852,0.0053
"CAD -> HF",0.05436247,0.0224,0.0054311222,0.0053
"CAD -> HF",0.11383127,0.0176,0.0050135424,0.0054
"CAD -> HF",0.03545904,0.0057,0.0051370762,0.0049
"CAD -> HF",0.06293585,0.0251,0.0057464079,0.0053
"CAD -> HF",0.03732556,0.0042,0.0052464255,0.0051
"CAD -> HF",0.058263,0.0246,0.0069348524,0.0069
"CAD -> HF",0.05107042,0.0247,0.0064518967,0.0062
"CAD -> HF",0.04413477,0.0231,0.0062670294,0.0062
"CAD -> HF",0.034525,0.0174,0.0051749054,0.0051
"CAD -> HF",0.03236754,0.0037,0.0051583501,0.0048
"BMI -> CAD",0.0223,0.00947641,0.0018,0.0054180722
"BMI -> CAD",0.0121,0.01071041,0.0018,0.0051389147
"BMI -> CAD",0.0325,0.0073698,0.0016,0.0050545052
"BMI -> CAD",0.0166,0.00340847,0.0022,0.0065394741
"BMI -> CAD",0.0166,0.01010486,0.0019,0.0056343934
"BMI -> CAD",0.0201,-0.00128608,0.0033,0.0088360738
"BMI -> CAD",0.0097,0.00598353,0.0017,0.0049042307
"BMI -> CAD",0.0133,0.00380388,0.0017,0.0049942106
"BMI -> CAD",0.01,-0.00273926,0.0017,0.0049633382
"BMI -> CAD",0.016,0.00601656,0.0017,0.0049467289
"BMI -> CAD",0.0142,0.00570389,0.0019,0.0059972727
"BMI -> CAD",0.0177,-3.06e-05,0.0023,0.0071947545
"BMI -> CAD",0.0146,0.00483296,0.0025,0.0070591517
"BMI -> CAD",0.012,0.01027883,0.0017,0.0049589428
"BMI -> CAD",0.0097,0.00293515,0.0016,0.0050712471
"BMI -> CAD",0.011,0.00184739,0.0019,0.0054491024
"BMI -> CAD",0.0124,0.00397334,0.0017,0.0050507319
"BMI -> CAD",0.0123,0.02667174,0.002,0.0058991358
"BMI -> CAD",0.0121,0.00532838,0.0016,0.0049324533
"BMI -> CAD",0.0114,-0.0030722,0.0017,0.0051485489
"BMI -> CAD",0.0139,0.00385187,0.0019,0.0054743299
"BMI -> CAD",0.0108,0.01275485,0.0018,0.0050479966
"BMI -> CAD",0.0105,0.01067295,0.0017,0.004917164
"BMI -> CAD",0.0094,0.00024019,0.0016,0.0049356403
"BMI -> CAD",0.0125,-0.00158597,0.0017,0.0050508727
"BMI -> CAD",0.0109,-0.00496697,0.002,0.0056020669
"BMI -> CAD",0.0218,0.00665912,0.0027,0.0071755917
"BMI -> CAD",0.0143,0.01056589,0.0026,0.0075011397
"BMI -> CAD",0.0118,0.00399405,0.0017,0.0049388847
"BMI -> CAD",0.0141,0.0085995,0.0019,0.0056778342
"BMI -> CAD",0.0118,0.0026618,0.0019,0.0056184034
"BMI -> CAD",0.0155,0.01227512,0.0016,0.0051033284
"BMI -> CAD",0.0324,0.02510548,0.0016,0.0049544133
"BMI -> CAD",0.0156,-0.00059328,0.0019,0.0053772837
"BMI -> CAD",0.0153,-0.00073149,0.0017,0.0051359392
"BMI -> CAD",0.0182,0.02163076,0.0022,0.0063175936
"BMI -> CAD",0.0113,0.00062847,0.0017,0.0049216672
"BMI -> CAD",0.0132,-0.00260383,0.0021,0.0061733469
"BMI -> CAD",0.0122,0.00928961,0.0018,0.0051504384
"BMI -> CAD",0.0174,0.00026614,0.0029,0.0082018187
"BMI -> CAD",0.011,0.0086796,0.0017,0.0049550943
"BMI -> CAD",0.012,-0.05145261,0.0017,0.0053996142
"BMI -> CAD",0.021,0.00661206,0.0024,0.0072361085
"BMI -> CAD",0.0109,0.00419058,0.0017,0.0050327015
"BMI -> CAD",0.0121,0.00764933,0.0019,0.0058078265
"BMI -> CAD",0.0101,-0.01054568,0.0016,0.004935269
"BMI -> CAD",0.0124,0.01197331,0.0021,0.0061174361
"BMI -> CAD",0.0133,-0.00022059,0.0018,0.0055490581
"BMI -> CAD",0.0206,0.00884375,0.0017,0.0051186302
"BMI -> CAD",0.0123,0.01841421,0.0019,0.0060969314
"BMI -> CAD",0.0128,0.00239414,0.0021,0.0059290404
"BMI -> CAD",0.0129,0.00088707,0.0019,0.0053505967
"BMI -> CAD",0.0109,-0.00077792,0.0018,0.0050427253
"BMI -> CAD",0.0169,0.00381272,0.0017,0.004923839
"BMI -> CAD",0.0311,0.0033501,0.0035,0.0097926913
"BMI -> CAD",0.0139,0.01659589,0.0019,0.00598063
"BMI -> CAD",0.0135,-0.00920049,0.0023,0.006646994
"BMI -> CAD",0.0182,0.03366249,0.003,0.0093099882
"BMI -> CAD",0.0137,0.0007042,0.0018,0.0050358664
"BMI -> CAD",0.0154,0.01790961,0.002,0.0058895959
"BMI -> CAD",0.024,0.00905944,0.002,0.0060720622
"BMI -> CAD",0.0133,-0.00848489,0.0019,0.0059467752
"BMI -> CAD",0.013,-0.01695635,0.002,0.0060266646
"BMI -> CAD",0.0142,0.01158607,0.0021,0.0059473659
"BMI -> CAD",0.034,0.03351844,0.0021,0.0064155211
"BMI -> CAD",0.0239,0.02503529,0.0017,0.0051203215
"BMI -> CAD",0.0139,0.01303984,0.002,0.0056033027
"BMI -> CAD",0.0097,0.00792582,0.0017,0.0050119416
"BMI -> CAD",0.0117,0.00181806,0.0018,0.0050947988
"BMI -> CAD",0.0111,-0.00492291,0.0018,0.0051664155
"BMI -> CAD",0.0132,0.00754597,0.0021,0.0064131433
"BMI -> CAD",0.0141,0.01978238,0.002,0.0057537976
"BMI -> CAD",0.0119,0.00475647,0.0018,0.0051853484
"BMI -> CAD",0.0142,0.01459151,0.0021,0.0064699914
"BMI -> CAD",0.0189,0.01679688,0.0017,0.0049563121
"BMI -> CAD",0.0189,0.01990133,0.0024,0.0068742479
"BMI -> CAD",0.0121,-0.00405775,0.0021,0.0061258344
"BMI -> CAD",0.0148,-0.00413168,0.002,0.005800249
"BMI -> CAD",0.0123,0.00798168,0.0017,0.00503613
"BMI -> CAD",0.0146,-0.00496876,0.0018,0.00529212
"BMI -> CAD",0.0146,0.0093822,0.002,0.0058631627
"BMI -> CAD",0.0143,-0.01760413,0.0016,0.0049479182
"BMI -> CAD",0.024,0.00985597,0.0022,0.0062431581
"BMI -> CAD",0.0162,0.01329089,0.0017,0.0049857951
"BMI -> CAD",0.0168,0.00774923,0.0017,0.005166232
"BMI -> CAD",0.0157,0.00451586,0.002,0.0056371238
"BMI -> CAD",0.0098,0.00180225,0.0017,0.0050331823
"BMI -> CAD",0.0144,0.01250765,0.0022,0.0060470428
"BMI -> CAD",0.0178,0.00395792,0.0022,0.0069595006
"BMI -> CAD",0.0359,0.00273859,0.0031,0.0097189297
"BMI -> CAD",0.0111,0.00215176,0.0016,0.0051419358
"BMI -> CAD",0.0139,0.00285368,0.0024,0.0066044202
"BMI -> CAD",0.0316,0.00250673,0.0025,0.0074240372
"BMI -> CAD",0.0184,0.01380269,0.002,0.0060339436
"BMI -> CAD",0.0184,0.00554756,0.0017,0.0052144987
"BMI -> CAD",0.0135,-0.00151671,0.0019,0.0052783846
"BMI -> CAD",0.0196,0.00077128,0.0026,0.0076380055
"BMI -> CAD",0.0154,0.0126128,0.0019,0.0053427238
"BMI -> CAD",0.0176,0.02236453,0.0021,0.0060794583
"BMI -> CAD",0.0105,-0.01635457,0.0017,0.0050733084
"BMI -> CAD",0.0135,0.00640279,0.0023,0.0061936324
"BMI -> CAD",0.0123,0.00652975,0.0017,0.0049682951
"BMI -> CAD",0.014,0.01203483,0.0018,0.0053331513
"BMI -> CAD",0.0156,0.00567485,0.0026,0.0074685646
"BMI -> CAD",0.0102,-0.00189527,0.0017,0.0049355443
"BMI -> CAD",0.0133,-0.01065136,0.0018,0.0053424765
"BMI -> CAD",0.0117,0.00259727,0.0018,0.005076363
"BMI -> CAD",0.024,0.00969758,0.0032,0.0089262059
"BMI -> CAD",0.0105,-0.0009805,0.0019,0.0055801958
"BMI -> CAD",0.0212,0.00591632,0.0033,0.0091295911
"BMI -> CAD",0.0136,0.00443486,0.002,0.0058030729
"BMI -> CAD",0.0118,0.00670582,0.0018,0.0053677285
"BMI -> CAD",0.0136,0.00588037,0.002,0.0056318829
"BMI -> CAD",0.0186,0.02317269,0.0028,0.0083923932
"BMI -> CAD",0.0139,-0.00059614,0.0019,0.00520601
"BMI -> CAD",0.018,0.0043232,0.0016,0.004952123
"BMI -> CAD",0.0179,0.00254136,0.0018,0.0050210141
"BMI -> CAD",0.0203,0.00444834,0.0017,0.0048859509
"BMI -> CAD",0.0142,0.01182837,0.0018,0.0050765245
"BMI -> CAD",0.0574,0.02391071,0.0021,0.0065370752
"BMI -> CAD",0.0126,0.00562565,0.002,0.0057565225
"BMI -> CAD",0.0154,-0.00179844,0.0018,0.0050639112
"BMI -> CAD",0.0187,-0.00635225,0.0032,0.010041352
"BMI -> CAD",0.047,-0.00753763,0.0032,0.011200593
"BMI -> CAD",0.0117,0.01013739,0.0017,0.0051227092
"BMI -> CAD",0.0103,-0.00163067,0.0018,0.0051424938
"BMI -> CAD",0.0192,0.0018232,0.0023,0.0070828709
"BMI -> CAD",0.0133,0.00252571,0.0016,0.0049553689
"BMI -> CAD",0.0236,0.03036494,0.0025,0.007872657
"BMI -> CAD",0.0216,-0.00235699,0.0018,0.005442543
"BMI -> CAD",0.0204,0.01518933,0.0024,0.0065477299
"BMI -> CAD",0.0112,0.00507896,0.0018,0.0054410209
"BMI -> CAD",0.0154,0.00980103,0.0018,0.0052688073
"BMI -> CAD",0.0155,0.00127658,0.0018,0.0050319474
"BMI -> CAD",0.0123,0.00480648,0.002,0.0058735205
"BMI -> CAD",0.014,0.01033622,0.0018,0.0050906057
"BMI -> CAD",0.0132,0.01021879,0.0018,0.005143574
"BMI -> CAD",0.0293,0.01519544,0.002,0.0058258765
"BMI -> CAD",0.0137,-0.00248932,0.0019,0.0055680393
"BMI -> CAD",0.0119,0.01272747,0.0018,0.0053888061
"BMI -> CAD",0.0131,0.01130606,0.002,0.0054754993
"BMI -> CAD",0.0201,0.00354936,0.0029,0.007925493
"BMI -> CAD",0.0246,0.0190595,0.0017,0.0053231593
"BMI -> CAD",0.0125,0.01220376,0.0018,0.0049872717
"BMI -> CAD",0.0196,0.00321837,0.0019,0.0054408602
"BMI -> CAD",0.0123,-0.0055624,0.0022,0.0063167652
"BMI -> CAD",0.0141,0.00145792,0.0018,0.0054577881
"BMI -> CAD",0.0125,0.01142072,0.002,0.005939644
"BMI -> CAD",0.0228,0.01388059,0.0024,0.0071251042
"BMI -> CAD",0.0138,0.0008519,0.0017,0.0048913772
"BMI -> CAD",0.0094,-0.00208922,0.0016,0.0050721741
"BMI -> CAD",0.014,0.0110503,0.0017,0.0049197857
"BMI -> CAD",0.0164,-0.00172366,0.0022,0.0063931919
"BMI -> CAD",0.0164,0.01045365,0.0017,0.0050826461
"BMI -> CAD",0.0147,0.01096532,0.0025,0.0069808098
"BMI -> CAD",0.0123,0.00800425,0.002,0.0055198349
"BMI -> CAD",0.0213,0.00330496,0.0019,0.0054572026
"BMI -> CAD",0.0108,0.00898176,0.0018,0.0050372008
"BMI -> CAD",0.0101,-0.01656751,0.0018,0.0049700214
"BMI -> CAD",0.0099,0.01197901,0.0017,0.005135785
"BMI -> CAD",0.0187,0.00794441,0.0032,0.0091898773
"BMI -> CAD",0.0116,0.00276791,0.0018,0.0049610614
"BMI -> CAD",0.0369,0.01542226,0.0035,0.009503195
"BMI -> CAD",0.0125,-0.00113944,0.0017,0.0049307672
"BMI -> CAD",0.0145,0.00898023,0.0025,0.0069953054
"BMI -> CAD",0.0331,0.03401341,0.0026,0.0073780904
"BMI -> CAD",0.0134,-0.01521903,0.002,0.0056042455
"BMI -> CAD",0.0151,0.01098938,0.0023,0.0068433497
"BMI -> CAD",0.0172,0.00934344,0.0025,0.0070791257
"BMI -> CAD",0.0118,0.00954969,0.002,0.0055276745
"BMI -> CAD",0.0385,0.02363682,0.0028,0.0085330364
"BMI -> CAD",0.0166,0.01088631,0.0021,0.006075814
"BMI -> CAD",0.0212,-0.0094467,0.0036,0.01039947
"BMI -> CAD",0.015,0.00489969,0.002,0.0062033159
"BMI -> CAD",0.0221,0.00454751,0.0018,0.005426795
"BMI -> CAD",0.0353,0.01007592,0.005,0.013628721
"BMI -> CAD",0.0104,0.00257134,0.0019,0.0051411249
"BMI -> CAD",0.0125,0.00672092,0.0016,0.0050442147
"BMI -> CAD",0.0215,0.01307002,0.0018,0.0053096926
"BMI -> CAD",0.0108,-0.00857015,0.0018,0.0051636231
"BMI -> CAD",0.0167,0.01574667,0.0028,0.0084038463
"BMI -> CAD",0.0153,0.00313181,0.0026,0.0074656281
"BMI -> CAD",0.0125,0.01113529,0.0022,0.0059447439
"BMI -> CAD",0.0186,-0.01463957,0.0018,0.005319247
"BMI -> CAD",0.0103,0.00732481,0.0018,0.0050159158
"BMI -> CAD",0.0171,0.0117021,0.003,0.0088072804
"BMI -> CAD",0.015,0.02528728,0.0027,0.0085665805
"BMI -> CAD",0.0141,-0.0023031,0.0022,0.0061695618
"BMI -> CAD",0.0096,-0.00022362,0.0017,0.0050286175
"BMI -> CAD",0.016,-0.00669711,0.0019,0.0057839972
"BMI -> CAD",0.0157,0.01147273,0.0027,0.0078624411
"BMI -> CAD",0.0126,0.00913473,0.0018,0.0052953087
"BMI -> CAD",0.0183,0.02666426,0.0019,0.0055392833
"BMI -> CAD",0.0129,-0.00772986,0.0023,0.0067697446
"BMI -> CAD",0.013,-0.00305853,0.0019,0.0062425123
"BMI -> CAD",0.0258,0.01345619,0.0022,0.0065910945
"BMI -> CAD",0.0132,0.03155069,0.0018,0.00505228
"BMI -> CAD",0.0109,0.00514035,0.002,0.0051669903
"BMI -> CAD",0.0203,-0.01007128,0.0029,0.0077151688
"BMI -> CAD",0.0115,0.01153782,0.0019,0.0054005423
"BMI -> CAD",0.0115,0.01682823,0.0018,0.0051211402
"BMI -> CAD",0.0103,0.01231551,0.0017,0.0050969639
"BMI -> CAD",0.0194,-0.00512517,0.0017,0.0050780211
"BMI -> CAD",0.0108,0.01182914,0.0019,0.0053007362
"BMI -> CAD",0.0107,0.00291701,0.0018,0.0051815414
"BMI -> CAD",0.0109,0.00939041,0.0017,0.0049219927
"BMI -> CAD",0.0148,-0.00228142,0.0016,0.0051196388
"BMI -> CAD",0.0141,0.01266321,0.0016,0.0049105135
"BMI -> CAD",0.0112,0.00887315,0.0018,0.0051545225
"BMI -> CAD",0.0137,0.01386885,0.0018,0.0051073556
"BMI -> CAD",0.0145,-0.01553929,0.0019,0.0055000648
"BMI -> CAD",0.0175,-0.00083984,0.0026,0.0072883356
"BMI -> CAD",0.0097,0.00796436,0.0017,0.0049504995
"BMI -> CAD",0.0331,0.02175944,0.0021,0.0064533746
"BMI -> CAD",0.0106,0.00543045,0.0019,0.0051464306
"BMI -> CAD",0.0104,-0.00958929,0.0018,0.0052352235
"BMI -> CAD",0.0136,0.0107433,0.0017,0.0052298476
"BMI -> CAD",0.0161,0.01651741,0.0017,0.0056808268
"BMI -> CAD",0.0118,0.01855631,0.002,0.0056475021
"BMI -> CAD",0.0176,0.02585153,0.0026,0.0071610573
"BMI -> CAD",0.0166,0.00975949,0.0018,0.0050984614
"BMI -> CAD",0.0356,0.010687,0.0034,0.0094803742
"BMI -> CAD",0.0123,-0.005199,0.0017,0.00511734
"BMI -> CAD",0.0188,0.02393659,0.0026,0.0073548276
"BMI -> CAD",0.0152,0.02423449,0.0018,0.005044512
"BMI -> CAD",0.0155,0.00327942,0.0018,0.0053074035
"BMI -> CAD",0.0122,0.00990053,0.0018,0.0051518524
"BMI -> CAD",0.0144,0.01707887,0.0019,0.0055077714
"BMI -> CAD",0.0129,0.01209457,0.0017,0.004899411
"BMI -> CAD",0.0147,0.00222672,0.002,0.0055538316
"BMI -> CAD",0.0139,0.00736187,0.0017,0.0052018487
"BMI -> CAD",0.0127,0.01167361,0.0019,0.0051353652
"BMI -> CAD",0.0131,0.00108281,0.0018,0.0051519089
"BMI -> CAD",0.0121,0.00197088,0.0018,0.0051660558
"BMI -> CAD",0.0135,-0.01048948,0.0018,0.0051579593
"BMI -> CAD",0.0158,0.01612372,0.0022,0.0065914472
"BMI -> CAD",0.0142,-0.00263173,0.002,0.0058517282
"BMI -> CAD",0.0144,-0.00133204,0.0018,0.0050801804
"BMI -> CAD",0.016,0.01948993,0.002,0.0058206582
"BMI -> CAD",0.0127,0.00689824,0.0021,0.0059659276
"BMI -> CAD",0.0112,0.00145296,0.0019,0.0053615559
"BMI -> CAD",0.0265,0.01028957,0.0016,0.0050453532
"BMI -> CAD",0.0145,0.00740958,0.0017,0.005169037
"BMI -> CAD",0.0174,0.00947879,0.0017,0.0049971059
"BMI -> CAD",0.0119,0.01907151,0.0016,0.0049199242
"BMI -> CAD",0.0105,-0.00027277,0.0019,0.0049507775
"BMI -> CAD",0.0119,0.00940829,0.0018,0.0050173431
"BMI -> CAD",0.0111,0.01296647,0.0018,0.00499242
"BMI -> CAD",0.0154,0.00625231,0.0018,0.0050301313
"BMI -> CAD",0.0161,0.01308556,0.0016,0.0050139899
"BMI -> CAD",0.0146,0.00854489,0.0022,0.0063498964
"BMI -> CAD",0.0116,0.01223726,0.0019,0.0051434968
"BMI -> CAD",0.0103,0.00558364,0.0016,0.0050753472
"BMI -> CAD",0.0142,-0.00058761,0.0017,0.0048923178
"BMI -> CAD",0.011,0.00023653,0.0019,0.005489607
"BMI -> CAD",0.0127,-0.00544707,0.0023,0.0064272968
"BMI -> CAD",0.0137,0.01258746,0.0017,0.0049298395
"BMI -> CAD",0.0188,0.00656496,0.002,0.0058497966
"BMI -> CAD",0.0153,0.00139405,0.0018,0.0050218688
"BMI -> CAD",0.0249,0.02848167,0.0018,0.0054475168
"BMI -> CAD",0.0141,-0.00132027,0.0019,0.0058571452
"BMI -> CAD",0.0235,0.02337013,0.0018,0.0052281936
"BMI -> CAD",0.0115,0.0038159,0.002,0.0061605266
"BMI -> CAD",0.0177,0.00539887,0.0022,0.0063778102
"BMI -> CAD",0.011,-0.00182707,0.0018,0.0051990856
"BMI -> CAD",0.0144,0.00429426,0.0017,0.0049978296
"BMI -> CAD",0.0115,0.00315353,0.0017,0.0051846228
"BMI -> CAD",0.0139,0.0118098,0.002,0.0057753177
"BMI -> CAD",0.0158,0.00974096,0.002,0.0057374631
"BMI -> CAD",0.0145,-0.00206988,0.0023,0.0063774183
"BMI -> CAD",0.0141,0.01242356,0.0019,0.0058326685
"BMI -> CAD",0.0104,0.0027554,0.0018,0.0055190199
"BMI -> CAD",0.0113,0.00389311,0.0019,0.0057589411
"BMI -> CAD",0.0142,0.01038247,0.0017,0.0049722393
"BMI -> CAD",0.0129,0.0068149,0.0018,0.0049417738
"BMI -> CAD",0.0164,0.00590076,0.0021,0.0067855561
"BMI -> CAD",0.0112,0.00823,0.0018,0.0050510549
"BMI -> CAD",0.0124,-0.0021705,0.0018,0.0049474131
"BMI -> CAD",0.0128,0.01108911,0.0017,0.0049092145
"BMI -> CAD",0.0153,0.02009089,0.0017,0.0049619544
"BMI -> CAD",0.0116,-0.03562692,0.0016,0.0049667764
"BMI -> CAD",0.0107,0.00120214,0.0018,0.0050233438
"BMI -> CAD",0.0134,-0.0073461,0.0016,0.0049772165
"BMI -> CAD",0.0122,0.0059121,0.0018,0.0049589659
"BMI -> CAD",0.0123,0.01890749,0.002,0.0056331786
"BMI -> CAD",0.0141,0.00891218,0.0024,0.0067938544
"BMI -> CAD",0.0175,0.0117258,0.0018,0.0053742063
"BMI -> CAD",0.0115,0.00119392,0.0018,0.0051529317
"BMI -> CAD",0.0181,0.00814223,0.0018,0.0049906224
"BMI -> CAD",0.0145,0.00071764,0.0019,0.0055254097
"BMI -> CAD",0.0166,0.00186229,0.0021,0.0058864109
"BMI -> CAD",0.0151,0.01368783,0.0027,0.0075849182
"BMI -> CAD",0.0232,0.00177259,0.0017,0.0050139502
"BMI -> CAD",0.0098,-0.00370227,0.0017,0.0053028543
"BMI -> CAD",0.012,0.00892797,0.0017,0.0049654819
"BMI -> CAD",0.0095,0.01566048,0.0017,0.0050780645
"BMI -> CAD",0.0134,0.01156963,0.002,0.0056503076
"BMI -> CAD",0.0155,0.00308587,0.0025,0.0066567884
"BMI -> CAD",0.0119,0.02587437,0.0017,0.0050900772
"BMI -> CAD",0.0135,-0.01672592,0.0019,0.0054738708
"BMI -> CAD",0.0266,0.02015774,0.0023,0.0063953181
"BMI -> CAD",0.0141,0.01442854,0.0018,0.0050229162
"BMI -> CAD",0.0115,0.00888873,0.0018,0.0050402517
"BMI -> CAD",0.0188,-0.00732243,0.0026,0.0081202021
"BMI -> CAD",0.0098,-0.00334061,0.0018,0.0051336101
"BMI -> CAD",0.02,0.00973728,0.0035,0.011165969
"BMI -> CAD",0.0223,0.02156606,0.0019,0.0053335141
"BMI -> CAD",0.017,0.01063932,0.0017,0.0049547018
"BMI -> CAD",0.015,0.01215153,0.0017,0.0050048834
"BMI -> CAD",0.0115,0.00122828,0.0017,0.0049329782
"BMI -> CAD",0.0097,-0.01578704,0.0017,0.0050433153
"BMI -> CAD",0.0129,-0.00726112,0.0018,0.0052628921
"BMI -> CAD",0.0127,-0.00778695,0.0022,0.0063061163
"BMI -> CAD",0.0331,0.00580522,0.0033,0.0091060932
"BMI -> CAD",0.0156,0.01591003,0.0018,0.0052124907
"BMI -> CAD",0.0217,0.00733974,0.0021,0.0065595659
"BMI -> CAD",0.0117,0.00334221,0.0019,0.0054798966
"BMI -> CAD",0.0197,3.386e-08,0.0024,0.0073294717
"BMI -> CAD",0.0141,-0.01122088,0.0024,0.0068159581
"BMI -> CAD",0.0172,0.000548,0.0019,0.0053524176
"BMI -> CAD",0.0122,0.00805394,0.0018,0.0052901982
"BMI -> CAD",0.0164,0.00641146,0.0021,0.0062877588
"BMI -> CAD",0.0219,0.00983592,0.0017,0.0051855033
"BMI -> CAD",0.0133,0.00330195,0.0024,0.0065749186
"BMI -> CAD",0.0158,0.01323135,0.0025,0.0072259885
"BMI -> CAD",0.0186,0.01257945,0.0016,0.0050616963
"BMI -> CAD",0.0169,0.01821844,0.0018,0.0051348612
"BMI -> CAD",0.0105,0.00544959,0.0019,0.0053660483
"BMI -> CAD",0.0125,-0.00031893,0.002,0.005600587
"BMI -> CAD",0.0103,-0.00094355,0.0017,0.0051596251
"BMI -> CAD",0.0104,-0.00829111,0.0018,0.0050511148
"BMI -> CAD",0.0117,0.01631333,0.0018,0.0054458775
"BMI -> CAD",0.0151,-0.01686018,0.0017,0.0050370509
"BMI -> CAD",0.0121,0.00778854,0.0017,0.005002907
"BMI -> CAD",0.0129,0.02590235,0.0019,0.0055694848
"BMI -> CAD",0.0141,0.01588886,0.0017,0.0050909929
"BMI -> CAD",0.0118,0.00646721,0.0017,0.0051859359
"BMI -> CAD",0.0103,-0.0012621,0.0017,0.0050630931
"BMI -> CAD",0.0115,-0.00393625,0.0019,0.0053201376
"BMI -> CAD",0.0181,0.00867681,0.0017,0.0050850408
"BMI -> CAD",0.0122,0.00655869,0.0017,0.0050336758
"BMI -> CAD",0.0109,0.00068291,0.0019,0.0050532887
"BMI -> CAD",0.0131,0.0063883,0.0018,0.0052553613
"BMI -> CAD",0.0118,0.00567202,0.002,0.0056623189
"BMI -> CAD",0.0116,0.00760487,0.0019,0.0054596789
"BMI -> CAD",0.0206,0.01482333,0.002,0.0058028435
"BMI -> CAD",0.0164,0.00625931,0.0016,0.0049951605
"BMI -> CAD",0.0137,0.00614901,0.0019,0.0052734274
"BMI -> CAD",0.0475,0.00744192,0.002,0.0061815594
"BMI -> CAD",0.0135,0.00774404,0.0018,0.005002142
"BMI -> CAD",0.0166,0.01510307,0.0017,0.0049835293
"BMI -> CAD",0.0147,-0.0018011,0.0017,0.0050756133
"BMI -> CAD",0.0343,0.03905678,0.0047,0.015258446
"BMI -> CAD",0.0107,-0.00392308,0.0017,0.0051320594
"BMI -> CAD",0.0175,0.00898277,0.0019,0.0055049072
"BMI -> CAD",0.0412,0.01983166,0.0021,0.0062869974
"BMI -> CAD",0.0116,0.0128392,0.0019,0.0057159424
"BMI -> CAD",0.0148,0.02868813,0.0021,0.0066864871
"BMI -> CAD",0.0167,0.00350183,0.0023,0.0062118868
"BMI -> CAD",0.0171,0.04422704,0.002,0.0058843187
"BMI -> CAD",0.0144,0.02399189,0.0019,0.0057913343
"BMI -> CAD",0.0156,0.00984303,0.0021,0.0064008252
"BMI -> CAD",0.014,0.00797418,0.002,0.0060423107
"BMI -> CAD",0.0142,-0.00923354,0.002,0.0063433395
"BMI -> CAD",0.0191,0.00963018,0.0017,0.0050527072
"BMI -> CAD",0.0181,0.00328098,0.0022,0.0070322349
"BMI -> CAD",0.0111,-0.00413511,0.0018,0.0051778056
"BMI -> CAD",0.0188,0.00602395,0.0017,0.0050338653
"BMI -> CAD",0.0173,0.00985044,0.002,0.0056870627
"BMI -> CAD",0.0118,0.01159346,0.0021,0.0066485624
"BMI -> CAD",0.0137,0.00904677,0.0018,0.0051986629
"BMI -> CAD",0.0545,0.02953938,0.0019,0.0056501872
"BMI -> CAD",0.01,-0.01228872,0.0018,0.0052176568
"BMI -> CAD",0.0192,-0.0098107,0.0023,0.0064676623
"BMI -> CAD",0.0138,0.01174363,0.0025,0.0071881191
"BMI -> CAD",0.0133,0.01542827,0.0022,0.0064280606
"BMI -> CAD",0.0116,0.00473251,0.0018,0.0051601012
"BMI -> CAD",0.0104,0.02022767,0.0019,0.0053701478
"BMI -> CAD",0.0112,-0.00067042,0.0018,0.0053882443
"BMI -> CAD",0.0104,0.00911653,0.0017,0.0052781115
"BMI -> CAD",0.0156,0.00708137,0.0017,0.0049372318
"BMI -> CAD",0.0113,0.0098465,0.0019,0.0053476168
"BMI -> CAD",0.0131,-0.00053351,0.0016,0.0049684253
"BMI -> CAD",0.0177,0.01420846,0.0017,0.0051875037
"BMI -> CAD",0.0138,0.01014044,0.002,0.0059353369
"BMI -> CAD",0.0166,0.00645097,0.0019,0.005244053
"BMI -> CAD",0.0193,0.01740065,0.0019,0.0053278718
"BMI -> CAD",0.0158,-0.01494275,0.0018,0.0052349262
"BMI -> CAD",0.0131,0.01918188,0.0022,0.0064404047
"BMI -> CAD",0.0263,-0.00380419,0.0016,0.0049852641
"BMI -> CAD",0.03,0.00922899,0.0017,0.0050400472
"BMI -> CAD",0.0282,0.00973914,0.002,0.0061054415
"BMI -> CAD",0.0117,0.00711248,0.0017,0.0049405751
"BMI -> CAD",0.0119,-0.00151158,0.0018,0.0049374859
"BMI -> CAD",0.0163,0.00852833,0.0018,0.0051116778
"BMI -> CAD",0.0129,0.0022215,0.0017,0.0049366511
"BMI -> CAD",0.0132,0.01518435,0.0019,0.0053012883
"BMI -> CAD",0.0115,-0.00485079,0.0018,0.005205271
"BMI -> CAD",0.0124,-0.00010344,0.0019,0.00554395
"BMI -> CAD",0.0122,-0.00160845,0.0017,0.0048903544
"BMI -> CAD",0.0101,0.02163977,0.0018,0.0054571795
"BMI -> CAD",0.0155,0.0021341,0.0018,0.0050652614
"BMI -> CAD",0.0121,0.00373253,0.0019,0.0054787661
"BMI -> CAD",0.0204,0.0063034,0.002,0.0055092117
"BMI -> CAD",0.0271,-0.00161443,0.0017,0.0050855451
"BMI -> CAD",0.0134,0.009373,0.0019,0.0057768075
"BMI -> CAD",0.0094,0.00247487,0.0017,0.0049005412
"BMI -> CAD",0.0152,0.0176592,0.0018,0.0054095495
"BMI -> CAD",0.0198,0.00978282,0.0027,0.0074218662
"BMI -> CAD",0.0649,-0.0252073,0.005,0.015381978
"BMI -> CAD",0.0184,0.00515563,0.0016,0.0049626932
"BMI -> CAD",0.016,0.01149979,0.0018,0.0051551446
"BMI -> CAD",0.0148,0.00583557,0.0017,0.0051145203
"BMI -> CAD",0.0186,0.01939627,0.0019,0.0058121713
"BMI -> CAD",0.0149,0.01764503,0.0024,0.0069113527
"BMI -> CAD",0.011,-0.00115672,0.0018,0.0051196038
"BMI -> CAD",0.0139,0.01088708,0.0019,0.0053658225
"BMI -> CAD",0.0136,0.0112754,0.0018,0.0054360934
"BMI -> CAD",0.0121,-0.0168818,0.0017,0.0049369927
"BMI -> CAD",0.0114,0.00416229,0.0017,0.0049430297
"BMI -> CAD",0.0101,0.00201065,0.0017,0.0049095684
"BMI -> CAD",0.0114,0.01530689,0.0018,0.0051249649
"BMI -> CAD",0.0254,-0.09664093,0.0027,0.0077620175
"BMI -> CAD",0.0099,-0.00573525,0.0017,0.0050911153
"BMI -> CAD",0.0103,0.0173529,0.0019,0.0055094138
"BMI -> CAD",0.0271,0.00711297,0.0041,0.011811098
"BMI -> CAD",0.0166,0.00756719,0.0016,0.0049870811
"BMI -> CAD",0.0119,0.00220614,0.0021,0.0058640318
"BMI -> CAD",0.0148,-0.0033665,0.0018,0.0053992863
"BMI -> CAD",0.0168,0.01142311,0.0018,0.0056278881
"BMI -> CAD",0.0153,0.00072386,0.0025,0.0071522758
"BMI -> CAD",0.0106,0.00282164,0.0018,0.0049814526
"BMI -> CAD",0.0126,0.01026063,0.0021,0.0060169847
"BMI -> CAD",0.0139,0.00091596,0.0018,0.0051187357
"BMI -> CAD",0.0157,-0.00078697,0.0017,0.0049422761
"BMI -> CAD",0.0107,0.00471884,0.0018,0.005182176
"BMI -> CAD",0.0104,-0.00033473,0.0017,0.0051314827
"BMI -> CAD",0.0123,-0.00749908,0.0018,0.0054466567
"BMI -> CAD",0.014,-0.00079688,0.0019,0.0054714223
"BMI -> CAD",0.0187,0.01226806,0.0024,0.0067813045
"BMI -> CAD",0.0331,0.00621535,0.0037,0.011757524
"BMI -> CAD",0.0181,-0.02927938,0.0018,0.0054146891
"BMI -> CAD",0.0147,0.0088182,0.0018,0.0049622257
"BMI -> CAD",0.0116,-0.00656022,0.0021,0.00590647
"BMI -> CAD",0.0112,0.01902927,0.0017,0.0050498189
"BMI -> CAD",0.0148,0.01935856,0.0017,0.0049539175
"BMI -> CAD",0.0108,0.00672081,0.0018,0.0050546859
"BMI -> CAD",0.0109,0.01256284,0.0017,0.0049249239
"BMI -> CAD",0.0642,0.01576289,0.0017,0.0049099086
"BMI -> CAD",0.012,0.00508701,0.0019,0.0053992437
"BMI -> CAD",0.0095,-0.00624885,0.0017,0.0050765752
"BMI -> CAD",0.0133,-0.00648584,0.0022,0.0062777119
"BMI -> CAD",0.02,0.00820612,0.0025,0.0069624399
"BMI -> CAD",0.0196,-0.00315991,0.0024,0.0073326559
"BMI -> CAD",0.0106,0.00050272,0.0019,0.0053572053
"BMI -> CAD",0.0152,-0.00106866,0.0018,0.005559569
"BMI -> CAD",0.0095,-0.00323476,0.0017,0.005019842
"BMI -> CAD",0.014,0.00431911,0.002,0.0056708273
"BMI -> CAD",0.0128,0.00212209,0.002,0.0058291052
"BMI -> CAD",0.0127,9.321e-05,0.002,0.0057421062
"BMI -> CAD",0.0151,0.00610764,0.0023,0.0067218953
"BMI -> CAD",0.0108,-0.00448906,0.002,0.0057764603
"BMI -> CAD",0.0231,-0.0041087,0.0018,0.0050943571
"BMI -> CAD",0.0196,0.01667833,0.0016,0.0052233064
"BMI -> CAD",0.0201,0.00902053,0.0023,0.0065960795
"BMI -> CAD",0.0146,0.00411563,0.0017,0.005065819
"BMI -> CAD",0.0103,0.0069471,0.0017,0.0051346023
"BMI -> CAD",0.0096,0.01066672,0.0017,0.0051815046
"BMI -> CAD",0.0147,-0.00689023,0.0016,0.0049422576
"BMI -> CAD",0.0103,0.00087472,0.0018,0.0052609717
"BMI -> CAD",0.0211,0.01440842,0.0023,0.0067022753
"BMI -> CAD",0.0229,0.020075,0.002,0.0057475595
"BMI -> CAD",0.0107,-0.00040594,0.002,0.0058626471
"BMI -> CAD",0.0112,0.01634953,0.0017,0.0049139506
"BMI -> CAD",0.0121,0.00146541,0.0018,0.0053759266
"BMI -> CAD",0.0115,-0.0185867,0.0019,0.0053119267
"BMI -> CAD",0.023,0.01627845,0.0042,0.010634995
"BMI -> CAD",0.0093,-0.00380618,0.0016,0.0048930786
"BMI -> CAD",0.0115,0.01428957,0.002,0.0057483372
"BMI -> CAD",0.0206,-0.00083329,0.0026,0.0072526052
"BMI -> CAD",0.0116,0.00395261,0.002,0.0055880999
"BMI -> CAD",0.0152,0.00928131,0.0023,0.0069975584
"BMI -> CAD",0.0127,0.01746383,0.0017,0.0049926705
"BMI -> CAD",0.0165,0.01081847,0.0023,0.0066721693
"BMI -> CAD",0.0192,0.01567307,0.0022,0.0062352717
"BMI -> CAD",0.01,-0.00246033,0.0017,0.0050181718
"BMI -> CAD",0.011,0.01536893,0.0017,0.0050140528
"BMI -> CAD",0.0137,0.03522585,0.0019,0.0055553431
"BMI -> CAD",0.0148,-0.00439443,0.0022,0.0060263101
"BMI -> CAD",0.0154,0.00788607,0.002,0.0054703263
"BMI -> CAD",0.0231,0.00182642,0.0035,0.010477416
"BMI -> CAD",0.0169,0.01205924,0.0017,0.0050149989
"BMI -> CAD",0.0091,-0.00794942,0.0017,0.0050639278
"BMI -> CAD",0.0208,0.01673283,0.0026,0.007821382
"BMI -> CAD",0.0323,0.00205419,0.0021,0.0063279574
"BMI -> CAD",0.0193,0.01723221,0.0024,0.0069103908
"BMI -> CAD",0.0105,0.00512121,0.0017,0.0049308718
"BMI -> CAD",0.0409,0.02798853,0.0021,0.0062567093
"BMI -> CAD",0.0258,-0.00425921,0.0021,0.006273848
"BMI -> CAD",0.0122,0.00541453,0.002,0.0057233535
"BMI -> CAD",0.0156,0.00080985,0.002,0.0058913818
"BMI -> CAD",0.0171,0.01139786,0.0022,0.007067181
"BMI -> CAD",0.0162,0.00540821,0.0017,0.0051481375
"BMI -> CAD",0.0108,0.00569843,0.0019,0.0056097689
"LDL -> CAD",0.0131259,-0.01132038,0.00217345,0.0073077719
"LDL -> CAD",0.013887,0.00904197,0.0017083,0.0060606096
"LDL -> CAD",0.0136301,0.01567348,0.00179818,0.0063674185
"LDL -> CAD",0.0104874,0.02065961,0.00140997,0.0050630344
"LDL -> CAD",0.0220445,0.00562342,0.00142603,0.0050386113
"LDL -> CAD",0.0214028,0.0021878,0.00328551,0.011686754
"LDL -> CAD",0.0223057,0.00966207,0.00171399,0.0061324349
"LDL -> CAD",0.0177685,-0.01332521,0.0018146,0.006353247
"LDL -> CAD",0.0102945,0.01090244,0.00141172,0.0049167672
"LDL -> CAD",0.030892,0.02400615,0.00201777,0.0072599922
"LDL -> CAD",0.0115162,0.00079532,0.00152729,0.0054074302
"LDL -> CAD",0.0135884,-0.00338266,0.00159695,0.0058625551
"LDL -> CAD",0.0122229,0.01056532,0.00209345,0.0070315917
"LDL -> CAD",0.0208132,0.01492942,0.00155842,0.0054631307
"LDL -> CAD",0.0097591,-0.00328445,0.00154733,0.0053783056
"LDL -> CAD",0.0117891,0.01922684,0.00188189,0.0064227599
"LDL -> CAD",0.0258481,-0.00172007,0.00138909,0.0048999615
"LDL -> CAD",0.0119292,-0.00263665,0.00142231,0.0049601251
"LDL -> CAD",0.00875979,-0.00251213,0.00155,0.006736371
"LDL -> CAD",0.0218674,0.06565047,0.0020187,0.0072883651
"LDL -> CAD",0.0718798,0.05293086,0.00182374,0.0065278424
"LDL -> CAD",0.0190751,0.00991983,0.00325709,0.01171926
"LDL -> CAD",0.0218031,0.03983563,0.00225008,0.0080605519
"LDL -> CAD",0.0260974,-0.01768079,0.00284853,0.0092854187
"LDL -> CAD",0.043375,-0.05824155,0.00653668,0.024992886
"LDL -> CAD",0.0888589,0.04915009,0.00371072,0.012615608
"LDL -> CAD",0.0091906,0.00862844,0.00159437,0.0056642191
"LDL -> CAD",0.0301192,0.02620243,0.00356446,0.012760421
"LDL -> CAD",0.0142732,0.0169034,0.00180053,0.0062535837
"LDL -> CAD",0.0109643,0.00441408,0.00142323,0.0052126887
"LDL -> CAD",0.0139398,0.02017663,0.0021344,0.0077001357
"LDL -> CAD",0.0113251,0.01401888,0.00169801,0.005985948
"LDL -> CAD",0.0135742,0.03349999,0.00221831,0.0079853639
"LDL -> CAD",0.0551049,0.06956866,0.00916703,0.03483062
"LDL -> CAD",0.010197,0.00367365,0.00171704,0.0061604652
"LDL -> CAD",0.0127,0.0146419,0.00195157,0.0072714044
"LDL -> CAD",0.223241,0.08394868,0.00382558,0.015708798
"LDL -> CAD",0.0130657,0.01891483,0.00200727,0.0071810308
"LDL -> CAD",0.0418186,0.04460375,0.00649898,0.024124769
"LDL -> CAD",0.157188,0.14519766,0.0247703,0.10474586
"LDL -> CAD",0.0449615,-0.01189652,0.00596221,0.019741552
"LDL -> CAD",0.0618605,0.06805888,0.0085739,0.034947716
"LDL -> CAD",0.0835384,0.08360015,0.00462313,0.016741576
"LDL -> CAD",0.0334713,0.02488397,0.00533103,0.01858725
"LDL -> CAD",0.0267129,-0.05336556,0.00235203,0.0087428846
"LDL -> CAD",0.0470676,0.04115097,0.00479393,0.018211402
"LDL -> CAD",0.0165038,0.02720916,0.0022549,0.0078080643
"LDL -> CAD",0.0283317,-0.01768474,0.00438073,0.015498465
"LDL -> CAD",0.0492575,-0.01672401,0.005885,0.020936595
"LDL -> CAD",0.0359217,0.05082669,0.00509548,0.018556952
"LDL -> CAD",0.0176563,0.02797408,0.00282248,0.010296116
"LDL -> CAD",0.0404129,0.06214997,0.00317615,0.009431025
"LDL -> CAD",0.0219774,0.00478447,0.00142294,0.0051956309
"LDL -> CAD",0.0144221,0.00099751,0.00154909,0.0055610447
"LDL -> CAD",0.0287002,0.00043067,0.00167895,0.0059460443
"LDL -> CAD",0.0511426,0.02366184,0.00366166,0.013222143
"LDL -> CAD",0.0358725,0.04857961,0.0014912,0.0052842462
"LDL -> CAD",0.0782787,-0.04543047,0.00642262,0.026003462
"LDL -> CAD",0.0118243,-0.00423094,0.00163478,0.005665061
"LDL -> CAD",0.0459407,0.01849277,0.00599266,0.024771483
"LDL -> CAD",0.037904,0.04521786,0.00587766,0.020784222
"LDL -> CAD",0.00818549,-0.00105971,0.00143473,0.0052365288
"LDL -> CAD",0.031086,-0.00172784,0.00415197,0.015470527
"LDL -> CAD",0.0231214,-0.006721,0.00146651,0.0052697714
"LDL -> CAD",0.0235557,0.00942394,0.00232397,0.0082334742
"LDL -> CAD",0.113646,0.30213624,0.00277251,0.010446472
"LDL -> CAD",0.0111241,0.01041589,0.00147305,0.0052270938
"LDL -> CAD",0.0137613,0.0013321,0.00156628,0.0055226756
"LDL -> CAD",0.0124671,-0.04019871,0.00175824,0.0066833247
"LDL -> CAD",0.0171653,0.01385501,0.00180179,0.0068898908
"LDL -> CAD",0.0277593,0.05542291,0.003005,0.010474194
"LDL -> CAD",0.0129269,0.02509504,0.00169858,0.0058281905
"LDL -> CAD",0.0364153,0.04995186,0.00551245,0.018956779
"LDL -> CAD",0.0117407,-0.00376872,0.00161291,0.0071724385
"LDL -> CAD",0.0240069,-0.00636732,0.00365594,0.012913652
"LDL -> CAD",0.0644647,0.02583762,0.00269768,0.010085431
"LDL -> CAD",0.0164797,0.01634328,0.00203348,0.0070943533
"LDL -> CAD",0.0115655,-0.01031351,0.00146541,0.0052350205
"LDL -> CAD",0.0325513,0.02594566,0.00267884,0.0090865485
"LDL -> CAD",0.018873,0.00570527,0.0019604,0.0068551801
"LDL -> CAD",0.00992896,0.00931721,0.00159069,0.0053649218
"LDL -> CAD",0.0176512,-0.04759244,0.00159409,0.0055477248
"LDL -> CAD",0.00886162,0.00934121,0.00146791,0.005161328
"LDL -> CAD",0.0180348,0.01796322,0.00175998,0.0061352396
"LDL -> CAD",0.0349877,0.0337059,0.00264871,0.0086850961
"LDL -> CAD",0.0306622,0.01635457,0.00141948,0.0050733084
"LDL -> CAD",0.0267572,0.01925541,0.00143656,0.0049759821
"LDL -> CAD",0.026633,0.00927559,0.0026376,0.0092337891
"LDL -> CAD",0.0353193,0.01897149,0.00143731,0.0050817176
"LDL -> CAD",0.015299,0.01046994,0.00158398,0.005598956
"LDL -> CAD",0.177943,0.08222724,0.00472943,0.016806279
"LDL -> CAD",0.0212882,-0.00599442,0.00159951,0.0057670837
"LDL -> CAD",0.302127,0.16823908,0.00774454,0.036907419
"LDL -> CAD",0.0125937,-0.010148,0.00142309,0.0050991372
"LDL -> CAD",0.00983617,-0.00384083,0.00140296,0.0049175226
"LDL -> CAD",0.0177676,0.02153439,0.00255433,0.0091562327
"LDL -> CAD",0.00892227,0.0218119,0.00140368,0.0049455798
"LDL -> CAD",0.0142034,0.01486425,0.00209432,0.0078651617
"LDL -> CAD",0.0089928,-0.011456,0.00154744,0.0054140757
"LDL -> CAD",0.00969097,0.0044433,0.00163248,0.0057705888
"LDL -> CAD",0.0245071,0.01282439,0.00159894,0.005789811
"LDL -> CAD",0.0182714,0.02461489,0.00146485,0.00513883
"LDL -> CAD",0.0107672,-0.00722717,0.00168982,0.0060147067
"LDL -> CAD",0.020952,0.02882546,0.00198805,0.0072856636
"LDL -> CAD",0.0379802,-0.00513669,0.00452552,0.017375763
"LDL -> CAD",0.0156411,0.01996162,0.00156988,0.0057101391
"LDL -> CAD",0.0165377,0.01789539,0.00156818,0.0055756222
"LDL -> CAD",0.0262537,-0.00092961,0.00397503,0.014467393
"LDL -> CAD",0.0195868,0.00258146,0.00172675,0.0063321446
"LDL -> CAD",0.0385015,0.05594099,0.00699172,0.026213395
"LDL -> CAD",0.0601532,0.08248659,0.0103301,0.043293039
"LDL -> CAD",0.187126,0.03966938,0.0118195,0.051412331
"LDL -> CAD",0.0145038,0.00310561,0.00206177,0.0074091343
"LDL -> CAD",0.163796,0.14134438,0.0177071,0.073180219
"LDL -> CAD",0.0137988,-0.00522463,0.00147717,0.0051671031
"LDL -> CAD",0.0378868,-0.02543023,0.0058722,0.022899121
"LDL -> CAD",0.187537,0.05567877,0.0331593,0.13369548
"LDL -> CAD",0.0235957,-0.00182388,0.00246775,0.0095642537
"LDL -> CAD",0.0896105,0.09436827,0.0146148,0.060681212
"LDL -> CAD",0.054927,0.00712867,0.00977269,0.053912922
"LDL -> CAD",0.346476,0.15329525,0.0163079,0.08529938
"LDL -> CAD",0.207575,0.47972594,0.00605609,0.02137107
"LDL -> CAD",0.0648204,0.17548314,0.0110942,0.054175686
"LDL -> CAD",0.0725318,0.05269518,0.00796181,0.031672861
"LDL -> CAD",0.0240255,0.03160664,0.0030723,0.011309669
"LDL -> CAD",0.233087,0.26208797,0.0321196,0.10758939
"LDL -> CAD",0.0894208,0.09118328,0.00642912,0.02731769
"LDL -> CAD",0.0109297,-0.00082409,0.00157384,0.0054362804
"LDL -> CAD",0.135009,0.03794416,0.0102755,0.034164017
"LDL -> CAD",0.112032,-0.05355126,0.012239,0.04612492
"LDL -> CAD",0.152417,0.0166046,0.00589349,0.02134047
"LDL -> CAD",0.134224,0.09082379,0.0233661,0.094127638
"LDL -> CAD",0.0413513,0.01479382,0.00732978,0.028158657
"LDL -> CAD",0.131833,0.04876665,0.0128418,0.044076934
"LDL -> CAD",0.0608044,-0.024289,0.00783228,0.032544645
"LDL -> CAD",0.0701631,0.0190187,0.00704105,0.02605369
"LDL -> CAD",0.0617877,0.05074482,0.00773829,0.030453944
"LDL -> CAD",0.047162,0.03065438,0.00654042,0.024283269
"LDL -> CAD",0.123584,0.23679169,0.0148419,0.16445663
"LDL -> CAD",0.0230509,0.01929617,0.00276217,0.0098392807
"LDL -> CAD",0.0708201,-0.01708433,0.012526,0.063000063
"LDL -> CAD",0.0290811,-0.01106766,0.00417575,0.015311859
"LDL -> CAD",0.0753541,0.06685656,0.0126715,0.0522059
"LDL -> CAD",0.0724105,0.04449995,0.0120116,0.040660445
"LDL -> CAD",0.0297385,0.01590236,0.00354558,0.012235826
"LDL -> CAD",0.191787,0.31827608,0.0242332,0.09283828
"LDL -> CAD",0.193012,0.05423936,0.0194277,0.066870061
"LDL -> CAD",0.0642211,0.05226206,0.00626596,0.022102625
"LDL -> CAD",0.123629,0.01696754,0.0221325,0.066699055
"LDL -> CAD",0.0136287,0.01219252,0.00141025,0.0049829072
"LDL -> CAD",0.0423421,0.0279016,0.00238341,0.0088989977
"LDL -> CAD",0.0297667,-0.00250116,0.00382611,0.014932911
"LDL -> CAD",0.00927654,-0.0002454,0.00139218,0.0049137812
"LDL -> CAD",0.0168848,0.00138339,0.00140839,0.0050385884
"LDL -> CAD",0.00989616,0.0171207,0.00181285,0.0063739952
"LDL -> CAD",0.0112846,-0.00826412,0.00153404,0.0053734455
"LDL -> CAD",0.0138569,-0.00083841,0.00143531,0.0050370805
"LDL -> CAD",0.0195809,0.00838945,0.00257382,0.0089742813
"LDL -> CAD",0.00850125,0.00150216,0.00142443,0.0051687819
"LDL -> CAD",0.0144266,0.01191262,0.00147894,0.0052185282
"LDL -> CAD",0.114341,0.10941872,0.00641661,0.022076735
"LDL -> CAD",0.0228383,0.00684172,0.00144725,0.005126411
"LDL -> CAD",0.0153532,-0.00286693,0.00190294,0.006777082
"LDL -> CAD",0.0709637,0.03875786,0.00160713,0.0057844098
"LDL -> CAD",0.0379882,0.03999032,0.00253634,0.0093474192
"LDL -> CAD",0.116795,0.05089258,0.0202056,0.10057761
"LDL -> CAD",0.0149335,0.00362075,0.0022689,0.0081057415
"LDL -> CAD",0.0429432,0.01130104,0.00145569,0.0052059544
"LDL -> CAD",0.0268457,0.00772058,0.00233191,0.0088784526
"LDL -> CAD",0.0193589,0.00944477,0.00271228,0.010117877
"LDL -> CAD",0.0498131,-0.0078861,0.00361468,0.013701806
"LDL -> CAD",0.103406,0.09983222,0.0123415,0.045321991
"LDL -> CAD",0.0132543,0.00617216,0.00167534,0.0058873146
"LDL -> CAD",0.0158917,0.00610238,0.00156116,0.005599024
"LDL -> CAD",0.0112556,0.00600478,0.00195693,0.0064935952
"LDL -> CAD",0.0427777,0.02803201,0.00178857,0.0062206262
"LDL -> CAD",0.00937185,0.00759437,0.00141889,0.0050371254
"LDL -> CAD",0.0571711,0.02514895,0.00276108,0.010481563
"LDL -> CAD",0.0549493,0.01140374,0.00385026,0.01434124
"LDL -> CAD",0.0908315,0.05979628,0.00428983,0.016114509
"LDL -> CAD",0.345461,0.21899345,0.00828286,0.030200501
"LDL -> CAD",0.205677,0.0245649,0.0137791,0.058192263
"LDL -> CAD",0.344759,-0.42776833,0.020226,0.20082139
"LDL -> CAD",0.547022,0.05206878,0.0133117,0.065133344
"LDL -> CAD",0.0602447,0.02819241,0.00887754,0.026118788
"LDL -> CAD",0.0741449,-0.05066645,0.0120223,0.057269458
"LDL -> CAD",0.0920456,0.02240283,0.0166873,0.051446154
"LDL -> CAD",0.123761,-0.17767109,0.0210551,0.11290369
"LDL -> CAD",0.0949222,-0.03363729,0.0150973,0.060572092
"LDL -> CAD",0.0113437,0.01808865,0.00152716,0.0053701438
"LDL -> CAD",0.139873,0.36836122,0.00804422,0.030620337
"LDL -> CAD",0.00823251,0.01629665,0.00141002,0.0049192669
"LDL -> CAD",0.111696,0.14390636,0.0187238,0.10346557
"LDL -> CAD",0.324203,0.17589374,0.0107008,0.04398664
"LDL -> CAD",0.138556,0.00229199,0.0193172,0.053346263
"LDL -> CAD",0.0124748,-0.02741856,0.00192407,0.0068520307
"LDL -> CAD",0.0766934,-0.02882004,0.00940026,0.037538784
"LDL -> CAD",0.105174,0.00322065,0.0135431,0.067510858
"LDL -> CAD",0.258202,0.20103302,0.0165803,0.082609736
"LDL -> CAD",0.467202,-0.24475294,0.0215955,0.24440088
"LDL -> CAD",0.283521,0.208449,0.0346757,0.11721927
"LDL -> CAD",0.156488,0.09864823,0.0202784,0.078188962
"LDL -> CAD",0.0866536,-0.03202702,0.0156417,0.069320249
"LDL -> CAD",0.130754,0.09364683,0.00417363,0.015200723
"LDL -> CAD",0.0595905,0.21406873,0.00813298,0.033631414
"LDL -> CAD",0.096926,0.0255688,0.0103633,0.044180386
"LDL -> CAD",0.0650307,0.09528847,0.00986237,0.037687008
"LDL -> CAD",0.127893,0.09590672,0.0144461,0.052820594
"LDL -> CAD",0.0620535,0.01052992,0.00812549,0.034940182
"LDL -> CAD",0.0121975,-0.00157881,0.00141088,0.0049404052
"LDL -> CAD",0.228763,0.81292074,0.0264974,0.43231648
"LDL -> CAD",0.0454574,0.09957503,0.00811032,0.031158924
"LDL -> CAD",0.178626,0.0078424,0.0152613,0.065898186
"LDL -> CAD",0.298708,0.06231023,0.0186448,0.13726381
"LDL -> CAD",0.0706616,-0.04860517,0.00989191,0.034559358
"LDL -> CAD",0.0659497,0.03705268,0.0063515,0.025729362
"LDL -> CAD",0.194839,0.05046782,0.0287067,0.12836497
"LDL -> CAD",0.0547137,0.05914551,0.00865674,0.037432559
"LDL -> CAD",0.092954,0.01370444,0.0105821,0.060592529
"LDL -> CAD",0.0143783,0.00659924,0.00143027,0.0049332429
"LDL -> CAD",0.019503,0.00464543,0.00175889,0.0062250626
"LDL -> CAD",0.147209,0.02142069,0.0170296,0.066583789
"LDL -> CAD",0.00792348,0.00337868,0.00141491,0.0049618032
"LDL -> CAD",0.0190072,0.0344049,0.00209648,0.0072542116
"LDL -> CAD",0.0180327,0.0184563,0.00139568,0.0050045944
"LDL -> CAD",0.0106618,0.01497421,0.00143212,0.005034636
"LDL -> CAD",0.00980493,0.01111272,0.00145467,0.0051692922
"LDL -> CAD",0.0601913,0.01217644,0.00144448,0.0050457783
"LDL -> CAD",0.0166904,0.0225993,0.00152666,0.0054120863
"LDL -> CAD",0.00804652,0.00232464,0.00143211,0.005015737
"LDL -> CAD",0.00812292,0.00804327,0.00139286,0.0049286997
"LDL -> CAD",0.0116984,0.0141817,0.00201287,0.0070920594
"LDL -> CAD",0.0318004,0.0158353,0.00148636,0.0052266051
"LDL -> CAD",0.0235219,0.0050161,0.0016903,0.0059291049
"LDL -> CAD",0.0132285,0.00070897,0.00204579,0.0071116509
"LDL -> CAD",0.0165291,0.01351632,0.00147712,0.0052872122
"LDL -> CAD",0.0123305,0.00362102,0.00162928,0.0056717084
"LDL -> CAD",0.0113161,0.01453553,0.00140604,0.0049256528
"LDL -> CAD",0.0158997,0.01824847,0.00139539,0.0049265097
"LDL -> CAD",0.0234181,-0.01362548,0.00171891,0.0062915893
"LDL -> CAD",0.0081978,0.0037708,0.00145351,0.0049617489
"LDL -> CAD",0.0106423,0.02362484,0.00142294,0.0050026335
"LDL -> CAD",0.0366691,0.03358876,0.00148161,0.005289016
"LDL -> CAD",0.012694,0.01158912,0.00215727,0.0072709798
"LDL -> CAD",0.0084492,0.01554191,0.00140646,0.0050117949
"LDL -> CAD",0.040212,0.01590076,0.00151102,0.0052533454
"LDL -> CAD",0.0106027,-0.00137808,0.00175555,0.0062716535
"LDL -> CAD",0.0268921,0.01107836,0.00152599,0.0054677484
"LDL -> CAD",0.0187116,-0.0106761,0.00190325,0.0069503635
"LDL -> CAD",0.0195199,0.00110934,0.00175196,0.0060224467
"LDL -> CAD",0.0137103,0.00951735,0.00245056,0.008926308
"LDL -> CAD",0.0253718,-0.000517,0.00155136,0.0055550001
"LDL -> CAD",0.0249217,0.01910098,0.00158221,0.0055947867
"LDL -> CAD",0.023866,0.00579098,0.00153005,0.0055538563
"LDL -> CAD",0.00909575,0.00075995,0.00140542,0.0049073348
"LDL -> CAD",0.182368,0.10667109,0.0240188,0.077856378
"LDL -> CAD",0.011566,-0.00067028,0.00177873,0.0062690761
"LDL -> CAD",0.0175436,0.01055454,0.00159642,0.0055895239
"LDL -> CAD",0.0131553,0.0230166,0.00141998,0.0050556487
"LDL -> CAD",0.0244134,0.02906026,0.00175688,0.0061408209
"LDL -> CAD",0.0140004,0.01634929,0.00180155,0.0064227514
"LDL -> CAD",0.0125833,0.01022158,0.0017499,0.0061755054
"LDL -> CAD",0.0236641,0.01795315,0.00383617,0.012966021
"LDL -> CAD",0.0527623,-0.13558904,0.00518309,0.021827082
"LDL -> CAD",0.0119104,0.00012121,0.00148144,0.0052198414
"LDL -> CAD",0.00842039,0.0092564,0.00139864,0.0049634752
"LDL -> CAD",0.0554669,0.04686104,0.00139905,0.004904922
"LDL -> CAD",0.0101195,-0.00925015,0.00147386,0.0052881217
"LDL -> CAD",0.0183321,0.01409145,0.001703,0.0060058775
"LDL -> CAD",0.0234144,-0.05530171,0.00139369,0.0051087289
"LDL -> CAD",0.0572597,0.0349688,0.00176304,0.0061369809
"LDL -> CAD",0.0101553,-0.00343351,0.00141921,0.0049738592
"LDL -> CAD",0.0244429,-0.01646265,0.00400661,0.014765251
"LDL -> CAD",0.0623234,0.0111768,0.01076,0.041337793
"LDL -> CAD",0.0192832,0.02470701,0.00310689,0.011363019
"LDL -> CAD",0.0711347,0.05604071,0.0102683,0.038954468
"LDL -> CAD",0.00964234,-0.01274995,0.00141299,0.0049347876
"LDL -> CAD",0.0133769,-0.00754352,0.00193079,0.0066531543
"LDL -> CAD",0.0526828,0.02509081,0.00711681,0.026899389
"LDL -> CAD",0.0308607,0.01581039,0.0019307,0.0068538166
"LDL -> CAD",0.00782023,0.0012431,0.00139458,0.0049566988
"LDL -> CAD",0.0390528,0.04293813,0.00177995,0.0063361251
"LDL -> CAD",0.0104223,0.00374785,0.00163487,0.0057297792
"LDL -> CAD",0.0118798,-0.00050584,0.00143087,0.0050811896
"LDL -> CAD",0.0263949,0.02736028,0.00393271,0.013862115
"LDL -> CAD",0.0181651,0.01948791,0.00162585,0.0057930986
"LDL -> CAD",0.509483,0.15057106,0.0164251,0.078049514
"LDL -> CAD",0.0358747,0.01392942,0.0027624,0.0094454419
"LDL -> CAD",0.0137336,-0.03922661,0.00141565,0.005018232
"LDL -> CAD",0.0159195,0.01583293,0.00176923,0.0062344985
"LDL -> CAD",0.0122054,-0.02872969,0.00182561,0.0063844622
"LDL -> CAD",0.00893719,0.01564726,0.00140019,0.0049377435
"LDL -> CAD",0.0561747,-0.00100285,0.00140136,0.0050081708
"LDL -> CAD",0.070494,0.06785883,0.00778393,0.0301125
"LDL -> CAD",0.0152278,0.00375356,0.00185837,0.0069579831
"LDL -> CAD",0.250855,0.08303278,0.00710494,0.027151501
"LDL -> CAD",0.0517126,0.07467074,0.00831853,0.032643776
"LDL -> CAD",0.0137729,0.02608033,0.00223775,0.0084488385
"LDL -> CAD",0.0110259,0.00731647,0.00141946,0.0050205027
"LDL -> CAD",0.047985,0.03075993,0.00221699,0.0078291964
"LDL -> CAD",0.0199517,0.02121008,0.00255281,0.0085498504
"LDL -> CAD",0.0119697,-0.01314366,0.00138496,0.0049276742
"LDL -> CAD",0.228297,0.15692538,0.0315154,0.10926667
"LDL -> CAD",0.00793402,-0.0115581,0.00142815,0.0049621509
"LDL -> CAD",0.0223969,0.02258025,0.0015036,0.0053038944
"LDL -> CAD",0.0117675,-0.00205072,0.0014469,0.0050596757
"LDL -> CAD",0.0253164,0.00555604,0.00226475,0.0076069597
"LDL -> CAD",0.0082772,0.01380092,0.00139348,0.0049090725
"LDL -> CAD",0.0112055,0.00227082,0.00139973,0.0049269743
"LDL -> CAD",0.00826141,-0.00183411,0.00143856,0.0050349286
"LDL -> CAD",0.0131875,0.00066027,0.00241881,0.0080577799
"LDL -> CAD",0.104005,0.05814238,0.00269041,0.010384524
"LDL -> CAD",0.00885758,0.00397257,0.00146939,0.0051109855
"LDL -> CAD",0.0144134,0.0419928,0.00177081,0.0058814074
"LDL -> CAD",0.00982307,0.00240255,0.00146487,0.0051900014
"LDL -> CAD",0.251735,-0.00562143,0.0142052,0.04038869
"LDL -> CAD",0.140881,0.13027333,0.0168464,0.066024378
"LDL -> CAD",0.640135,0.19613282,0.0766516,0.32437703
"LDL -> CAD",0.392699,0.08621473,0.00566836,0.024280379
"LDL -> CAD",0.104926,0.15979877,0.0191706,0.084582159
"LDL -> CAD",0.0462396,0.03476134,0.00507213,0.02070699
"LDL -> CAD",0.0845599,0.11473474,0.0104111,0.035109222
"LDL -> CAD",0.195103,0.07032314,0.0330114,0.12606591
"LDL -> CAD",0.185914,0.02959326,0.0198132,0.083590843
"LDL -> CAD",0.054751,0.05137956,0.00982061,0.044181421
"LDL -> CAD",0.260383,0.01381533,0.0329996,0.13900029
"LDL -> CAD",0.119089,-0.00239907,0.0115199,0.056431395
"LDL -> CAD",0.135871,-0.16725171,0.0229204,0.087576308
"LDL -> CAD",0.0882715,0.06278949,0.0151592,0.061865602
"LDL -> CAD",0.163386,0.17545743,0.0097535,0.035782204
"LDL -> CAD",0.0605814,0.00185363,0.0106649,0.04073755
"LDL -> CAD",0.098142,0.14872079,0.0169008,0.055275171
"LDL -> CAD",0.33631,0.11891325,0.032921,0.11290162
"LDL -> CAD",0.0152014,-0.01584047,0.0016659,0.0074849075
"LDL -> CAD",0.108368,0.17810251,0.0168495,0.069026466
"LDL -> CAD",0.0403134,0.01722595,0.00140727,0.0049300681
"LDL -> CAD",0.157995,-0.01752197,0.0178593,0.059758194
"LDL -> CAD",0.138416,0.24696361,0.0148761,0.062788589
"LDL -> CAD",0.0382032,0.01086116,0.0017054,0.0061310435
"LDL -> CAD",0.0349154,0.02226111,0.00183132,0.0066002711
"LDL -> CAD",0.277747,0.16537049,0.0423192,0.18137008
"LDL -> CAD",0.0173547,0.00197973,0.0026697,0.010100725
"LDL -> CAD",0.132076,-0.02957043,0.0174601,0.067062442
"LDL -> CAD",0.0126185,-0.01815082,0.00147847,0.0050937232
"LDL -> CAD",0.0119692,-0.00145179,0.00214672,0.0080197649
"LDL -> CAD",0.510117,0.35175714,0.0360672,0.15604547
"LDL -> CAD",0.0136844,0.00076863,0.00188919,0.0066389267
"LDL -> CAD",0.20426,0.08216108,0.0142395,0.065798598
"LDL -> CAD",0.186323,0.22264708,0.0131304,0.061197582
"LDL -> CAD",0.0187347,0.00329133,0.00330254,0.012879091
"LDL -> CAD",0.0171791,-0.00837713,0.00180594,0.0066647497
"LDL -> CAD",0.113748,0.07144438,0.00290807,0.010738959
"LDL -> CAD",0.0183291,0.00617488,0.00261275,0.0089792205
"LDL -> CAD",0.182824,0.13467418,0.032309,0.12103547
"LDL -> CAD",0.151712,0.19434495,0.021595,0.10988227
"LDL -> CAD",0.0267236,0.01177471,0.00218062,0.0077922933
"LDL -> CAD",0.14864,-0.03630325,0.0226265,0.058001178
"LDL -> CAD",0.246613,0.38422401,0.032574,0.1131557
"LDL -> CAD",0.159891,-0.00203459,0.0136652,0.052978078
"LDL -> CAD",0.0133001,0.01619484,0.00169736,0.0059949417
"LDL -> CAD",0.0267521,0.00472024,0.00365516,0.011621823
"LDL -> CAD",0.0136768,0.00059752,0.00145715,0.0050574931
"LDL -> CAD",0.110726,0.04121591,0.00262367,0.0094201326
"LDL -> CAD",0.0115658,0.01237085,0.0014229,0.0049352503
"LDL -> CAD",0.0158621,0.02861349,0.0018835,0.0064394148
"LDL -> CAD",0.124754,0.09978392,0.0108772,0.0397885
"LDL -> CAD",0.0181506,0.00066655,0.00198944,0.0069644877
"LDL -> CAD",0.0143197,0.02400511,0.00147233,0.0050781188
"LDL -> CAD",0.0242104,0.02990096,0.00156171,0.0054445535
"LDL -> CAD",0.0130636,-0.01953823,0.00230171,0.0077906533
"LDL -> CAD",0.0877394,0.05156032,0.0105618,0.042037597
"LDL -> CAD",0.00870666,-0.10484136,0.00140987,0.0050299716
"LDL -> CAD",0.016898,-0.00632199,0.00303299,0.011318174
"LDL -> CAD",0.0794384,0.04854669,0.00668341,0.028684067
"LDL -> CAD",0.0491427,0.02121424,0.00574339,0.019707378
"LDL -> CAD",0.0279637,-0.01243249,0.00410924,0.015571732
"LDL -> CAD",0.0192465,-0.0304152,0.00291427,0.010615191
"LDL -> CAD",0.0134136,0.02322194,0.00157535,0.0056536716
"LDL -> CAD",0.00798748,-0.00392847,0.00142685,0.0051083
"LDL -> CAD",0.224779,0.06760195,0.004926,0.018484751
"LDL -> CAD",0.0213519,-0.02094877,0.0035406,0.012869697
"LDL -> CAD",0.0127913,-0.00079704,0.00155124,0.0055299211
"LDL -> CAD",0.0121051,0.00277256,0.00140411,0.0049315397
"LDL -> CAD",0.0152619,0.01706984,0.00156162,0.0055240902
"LDL -> CAD",0.0084347,0.00339756,0.0015297,0.0053124985
"LDL -> CAD",0.0241194,0.00857975,0.00225665,0.0082712736
"LDL -> CAD",0.0125638,-0.00026759,0.00141675,0.0048614681
"LDL -> CAD",0.00874286,-0.00101025,0.001515,0.0055083628
"LDL -> CAD",0.0131604,0.00509818,0.00163805,0.005724323
"LDL -> CAD",0.0211903,0.01745903,0.00151305,0.005454337
"LDL -> CAD",0.00952109,0.00524543,0.00165198,0.0057754861
"LDL -> CAD",0.109679,0.07819441,0.00353834,0.012548231
"LDL -> CAD",0.0137009,-0.00171239,0.00188331,0.0065740376
"LDL -> CAD",0.0095788,-0.00231672,0.00161878,0.0056409348
"LDL -> CAD",0.0389564,0.00113615,0.0018946,0.0064943176
"LDL -> CAD",0.0103803,0.00337741,0.00157377,0.0055917093
"LDL -> CAD",0.0182605,0.00325564,0.0014752,0.0052989085
"LDL -> CAD",0.015304,0.0072619,0.00156248,0.0055809804
"LDL -> CAD",0.0115423,0.02166528,0.00181318,0.0062950789
"LDL -> CAD",0.0167463,-0.02339592,0.00139999,0.0049528126
"LDL -> CAD",0.0564582,0.03700621,0.00146234,0.0051970937
"LDL -> CAD",0.0179411,0.00421009,0.00183651,0.006258577
"LDL -> CAD",0.009415,0.03541573,0.00157012,0.0055286737
"LDL -> CAD",0.018865,0.00935534,0.00138898,0.0049355459
"LDL -> CAD",0.0322033,0.03797528,0.00457976,0.015329402
"LDL -> CAD",0.0379602,0.021014,0.00252076,0.0090347305
"LDL -> CAD",0.0361969,-0.03086525,0.0060781,0.021691387
"LDL -> CAD",0.0253853,0.01161856,0.00200506,0.0071936415
"LDL -> CAD",0.0228745,-0.01303217,0.00166334,0.0059042565
"LDL -> CAD",0.00925357,0.00269184,0.00151888,0.0054063668
"LDL -> CAD",0.0244106,0.01796254,0.00141396,0.0049562359
"LDL -> CAD",0.0438838,0.01547581,0.00206407,0.0071437164
"LDL -> CAD",0.118571,0.03628181,0.00747767,0.029080705
"LDL -> CAD",0.144793,-0.22619429,0.0252505,0.22382539
"LDL -> CAD",0.0622542,-0.0125737,0.00470522,0.017977653
"LDL -> CAD",0.0403007,0.02248392,0.00503784,0.017972372
"LDL -> CAD",0.130145,0.06976543,0.00852998,0.033223367
"LDL -> CAD",0.0091812,0.00316334,0.00143827,0.0051695497
"LDL -> CAD",0.0287596,0.01897132,0.00379353,0.014496389
"LDL -> CAD",0.0123084,-0.00175105,0.00195634,0.0067110729
"LDL -> CAD",0.0297626,-0.06579792,0.0040428,0.015559069
"LDL -> CAD",0.0146983,-0.00252297,0.00225018,0.0083219576
"LDL -> CAD",0.0118179,0.00306392,0.0016831,0.0057181449
"LDL -> CAD",0.0134682,0.004842,0.00146867,0.0051246973
"LDL -> CAD",0.062788,-0.10957544,0.0105709,0.047701825
"LDL -> CAD",0.0479201,0.02881169,0.00475232,0.016807775
"LDL -> CAD",0.0158654,-0.00259204,0.00178832,0.0061864382
"LDL -> CAD",0.0198561,0.01041663,0.00139678,0.0048846372
"LDL -> CAD",0.0143148,0.00055641,0.00161093,0.0058208279
"LDL -> CAD",0.0102936,-0.01318468,0.00155156,0.0056775029
"LDL -> CAD",0.0144654,0.01483309,0.00183467,0.0066484011
"LDL -> CAD",0.0425579,0.0117569,0.00322656,0.012010773
"LDL -> CAD",0.0814854,0.05914569,0.00695118,0.023287171
"LDL -> CAD",0.0182638,0.01243345,0.00179491,0.0062963037
"LDL -> CAD",0.0428825,0.00311608,0.00154102,0.0051489207
"LDL -> CAD",0.0164726,0.02942293,0.0021227,0.0085411501
"LDL -> CAD",0.0291431,0.03253065,0.00273128,0.010964487
"LDL -> CAD",0.00893913,-0.00076207,0.00150183,0.0051803897
"LDL -> CAD",0.0289355,0.02008666,0.00450465,0.016345587
"LDL -> CAD",0.20637,0.10810347,0.0148086,0.054652121
"LDL -> CAD",0.0762932,-0.04899042,0.00648417,0.027851864
"LDL -> CAD",0.18313,0.02917584,0.00508432,0.019167149
"LDL -> CAD",0.132511,-0.0791683,0.0192076,0.094771387
"LDL -> CAD",0.0187374,0.03443485,0.00246206,0.0092902207
"LDL -> CAD",0.0261104,0.02671635,0.00277403,0.0071290432
"LDL -> CAD",0.0699399,-0.08686586,0.00619973,0.023325299
"LDL -> CAD",0.0239644,0.07271134,0.00360947,0.013793411
"LDL -> CAD",0.011275,0.01162685,0.00163494,0.0057114911
"LDL -> CAD",0.0163391,0.02137818,0.00176585,0.0062441908
"LDL -> CAD",0.0401555,0.03590093,0.00671802,0.023646528
"LDL -> CAD",0.0182966,0.01103375,0.00291554,0.010901173
"LDL -> CAD",0.0348153,-0.03075836,0.00538983,0.021001833
"LDL -> CAD",0.0155516,0.01109908,0.00155864,0.0055353593
"LDL -> CAD",0.0209679,0.00591351,0.00140615,0.0049346288
"LDL -> CAD",0.00897242,-0.0009383,0.00148956,0.0053449023
"LDL -> CAD",0.0639367,0.06190248,0.00532487,0.01780484
"LDL -> CAD",0.10433,0.02974037,0.00723806,0.027412694
"LDL -> CAD",0.142607,0.11646701,0.0245526,0.13414561
"LDL -> CAD",0.0179333,0.01474055,0.00282587,0.010048571
"LDL -> CAD",0.181215,0.11357095,0.00663893,0.027964184
"LDL -> CAD",0.329003,0.59509297,0.0334747,0.11531718
"LDL -> CAD",0.0317878,0.03100174,0.00387352,0.014736115
"LDL -> CAD",0.00840639,0.01360598,0.00148711,0.0052264218
"LDL -> CAD",0.00924136,0.00581446,0.00148063,0.0052093067
"LDL -> CAD",0.0135048,0.0162299,0.00201931,0.0071336771
"LDL -> CAD",0.0165774,0.00564962,0.00152682,0.0052919436
"LDL -> CAD",0.0355062,9.398e-05,0.00146485,0.0051993993
"LDL -> CAD",0.0255597,0.02777061,0.00158355,0.0058459967
"LDL -> CAD",0.0200359,0.01427767,0.00282853,0.0099175934
"LDL -> CAD",0.0209744,0.00245995,0.00164372,0.0061820272
"LDL -> CAD",0.0114717,0.0196859,0.00183435,0.0064369558
"LDL -> CAD",0.00888884,0.00383859,0.00159449,0.0056798579
"LDL -> CAD",0.0123572,0.00098014,0.0015382,0.0054263499
"LDL -> CAD",0.0095033,-0.00316143,0.00142143,0.0049605767
"LDL -> CAD",0.00978761,0.00825192,0.00144914,0.0050337003
"LDL -> CAD",0.0552411,0.058263,0.00201933,0.0069348524
"LDL -> CAD",0.012963,0.00842213,0.00145387,0.0052745026
"LDL -> CAD",0.0147326,0.00769429,0.00149902,0.005273289
"LDL -> CAD",0.0188877,0.00925731,0.0019215,0.0068343264
"LDL -> CAD",0.0370846,0.02180451,0.00270523,0.0095563011
"LDL -> CAD",0.0165055,0.00444073,0.00198482,0.0068227607
"LDL -> CAD",0.00930066,0.00454589,0.00155538,0.0054648545
"LDL -> CAD",0.0598584,0.00881532,0.00239036,0.0085826411
