edge,exposure,outcome,exp_units_eur,exp_units_eas,out_units,EUR_b,EAS_b,EUR_b_perSD,EAS_b_perSD,EUR_p,EAS_p,dir_concordant,both_sig,comparable,scale_note
BMI->CAD,BMI,CAD,per-SD,per-SD,log-OR,0.386980879552735,0.16193285958307,0.387,0.1619,1.3e-43,1.1e-01,True,False,True,
BMI->HF,BMI,HF,per-SD,per-SD,log-OR,0.524647616025081,0.450654292067649,0.5246,0.4507,3.4e-153,8.2e-10,True,True,True,
BMI->Stroke,BMI,Stroke,per-SD,per-SD,log-OR,0.151320703449841,0.156618843441132,0.1513,0.1566,1.3e-09,1.6e-02,True,True,True,
SBP->CAD,SBP,CAD,per-mmHg,per-SD (INT),log-OR,0.0335822023384555,0.5272676763695,0.6481,0.5273,9.1e-45,2.0e-02,True,True,True,EUR rescaled per-mmHg->per-SD (x19.3)
SBP->HF,SBP,HF,per-mmHg,per-SD (INT),log-OR,0.0198823995174554,0.85693325801767,0.3837,0.8569,1.7e-37,1.0e-10,True,True,True,EUR rescaled per-mmHg->per-SD (x19.3)
SBP->Stroke,SBP,Stroke,per-mmHg,per-SD (INT),log-OR,0.0268628637729715,0.972974234398061,0.5185,0.973,1.2e-51,9.5e-09,True,True,True,EUR rescaled per-mmHg->per-SD (x19.3)
LDL->CAD,LDL,CAD,per-SD,per-SD,log-OR,0.510856329399863,0.526820176357244,0.5109,0.5268,3.1e-53,5.4e-10,True,True,True,
TC->CAD,TC,CAD,per-SD,per-SD,log-OR,0.434009464217162,0.581680121280956,0.434,0.5817,4.9e-44,8.9e-10,True,True,True,
TG->CAD,TG,CAD,per-SD,per-SD,log-OR,0.392733726954263,0.226175571597121,0.3927,0.2262,6.2e-37,3.3e-06,True,True,True,
HDL->CAD,HDL,CAD,per-SD,per-SD,log-OR,-0.30532568664138,-0.143862999091129,-0.3053,-0.1439,7.4e-30,2.3e-03,True,True,True,
HbA1c->CAD,HbA1c,CAD,per-unit (MAGIC),per-SD (INT),log-OR,0.183767238152452,0.0665103637251991,0.1838,0.0665,2.1e-13,2.9e-01,True,False,False,
T2D->CAD,T2D,CAD,per-log-OR,per-log-OR,log-OR,0.128975010422208,0.0535197053982031,0.129,0.0535,5.3e-09,2.3e-03,True,True,True,
BMI->eGFR,BMI,eGFR,per-SD,per-SD,per-SD,-0.0034423941661755,-0.0716069380134477,-0.0034,-0.0716,6.7e-02,2.5e-02,True,False,True,
SBP->eGFR,SBP,eGFR,per-mmHg,per-SD (INT),per-SD,-0.000158701513050836,0.0571297967190531,-0.0031,0.0571,4.3e-01,5.1e-01,False,False,True,EUR rescaled per-mmHg->per-SD (x19.3)
eGFR->CAD,eGFR,CAD,per-SD (log),per-SD,log-OR,0.0899496014170175,-0.0364344343589157,0.0899,-0.0364,7.1e-01,6.9e-01,False,False,False,
BMI->HbA1c,BMI,HbA1c,per-SD,per-SD,per-SD,0.225059907255927,-0.23378084085272,0.2251,-0.2338,3.2e-29,2.6e-02,False,True,True,
BMI->HDL,BMI,HDL,per-SD,per-SD,per-SD,-0.27517312545267,-0.193464775028893,-0.2752,-0.1935,6.4e-60,1.2e-04,True,True,True,
BMI->LDL,BMI,LDL,per-SD,per-SD,per-SD,-0.0212092096105021,0.00154450620434141,-0.0212,0.0015,3.4e-01,9.7e-01,False,False,True,
BMI->T2D,BMI,T2D,per-SD,per-SD,log-OR,0.990296297660629,-0.153084956572478,0.9903,-0.1531,2.4e-55,5.8e-01,False,False,True,
BMI->TC,BMI,TC,per-SD,per-SD,per-SD,-0.0521557414170524,-0.0225812446572272,-0.0522,-0.0226,1.5e-02,4.8e-01,True,False,True,
BMI->TG,BMI,TG,per-SD,per-SD,per-SD,0.205053241874296,0.164340947269178,0.2051,0.1643,6.5e-24,7.2e-06,True,True,True,
CAD->BMI,CAD,BMI,per-log-OR,per-log-OR,per-SD,-0.00451497374271174,-0.0317666842551182,-0.0045,-0.0318,8.0e-01,1.6e-02,True,False,True,
CAD->eGFR,CAD,eGFR,per-log-OR,per-log-OR,per-SD,-0.000684456512825539,0.00554386408766431,-0.0007,0.0055,6.7e-01,7.3e-01,False,False,True,
CAD->HbA1c,CAD,HbA1c,per-log-OR,per-log-OR,per-SD,0.0311895233873966,0.00230623759216782,0.0312,0.0023,3.3e-02,9.1e-01,True,False,True,
CAD->HDL,CAD,HDL,per-log-OR,per-log-OR,per-SD,-0.105009781898007,-0.0724413024072852,-0.105,-0.0724,2.7e-03,1.6e-01,True,False,True,
CAD->HF,CAD,HF,per-log-OR,per-log-OR,log-OR,0.285128893290755,0.0727043885225405,0.2851,0.0727,1.2e-119,1.9e-02,True,True,True,
CAD->LDL,CAD,LDL,per-log-OR,per-log-OR,per-SD,0.246198328884985,0.0882158692334601,0.2462,0.0882,8.4e-07,2.6e-01,True,False,True,
CAD->Stroke,CAD,Stroke,per-log-OR,per-log-OR,log-OR,0.171125169546868,-0.00562946807376807,0.1711,-0.0056,5.5e-17,9.1e-01,False,False,True,
CAD->T2D,CAD,T2D,per-log-OR,per-log-OR,log-OR,0.167535619614003,0.0202969765134857,0.1675,0.0203,1.6e-06,4.0e-01,True,False,True,
CAD->TC,CAD,TC,per-log-OR,per-log-OR,per-SD,0.194063920356122,0.0700182117329372,0.1941,0.07,2.4e-06,1.6e-01,True,False,True,
CAD->TG,CAD,TG,per-log-OR,per-log-OR,per-SD,0.0555852727107802,0.0378533345799836,0.0556,0.0379,7.7e-02,6.3e-01,True,False,True,
eGFR->BMI,eGFR,BMI,per-SD (log),per-SD,per-SD,-0.518192357288814,-0.0968201585398329,-0.5182,-0.0968,7.3e-04,5.2e-03,True,True,False,
eGFR->HbA1c,eGFR,HbA1c,per-SD (log),per-SD,per-SD,-0.19987960648585,-0.0210497522299225,-0.1999,-0.021,1.7e-01,6.4e-01,True,False,False,
eGFR->HDL,eGFR,HDL,per-SD (log),per-SD,per-SD,0.11729741829931,0.175524552986306,0.1173,0.1755,3.9e-01,7.2e-03,True,False,False,
eGFR->HF,eGFR,HF,per-SD (log),per-SD,log-OR,0.123978437133933,0.0161549948896986,0.124,0.0162,4.5e-01,8.5e-01,True,False,False,
eGFR->LDL,eGFR,LDL,per-SD (log),per-SD,per-SD,0.252542155486598,-0.0312858054887248,0.2525,-0.0313,2.7e-01,4.6e-01,False,False,False,
eGFR->Stroke,eGFR,Stroke,per-SD (log),per-SD,log-OR,-0.099493782378476,0.155474057280541,-0.0995,0.1555,6.0e-01,6.4e-02,False,False,False,
eGFR->T2D,eGFR,T2D,per-SD (log),per-SD,log-OR,0.398466210335823,0.0269207049852337,0.3985,0.0269,2.4e-01,7.3e-01,True,False,False,
eGFR->TC,eGFR,TC,per-SD (log),per-SD,per-SD,0.274305910506849,0.0280203176679276,0.2743,0.028,2.1e-01,4.3e-01,True,False,False,
eGFR->TG,eGFR,TG,per-SD (log),per-SD,per-SD,0.0114255935916078,-0.0112569965106157,0.0114,-0.0113,9.5e-01,8.6e-01,False,False,False,
HbA1c->BMI,HbA1c,BMI,per-unit (MAGIC),per-SD (INT),per-SD,0.00422020441228821,-0.303173263220362,0.0042,-0.3032,9.0e-01,8.4e-10,False,False,False,
HbA1c->eGFR,HbA1c,eGFR,per-unit (MAGIC),per-SD (INT),per-SD,-0.000757930440427057,-0.00435453830131063,-0.0008,-0.0044,6.8e-01,8.4e-01,True,False,False,
HbA1c->HDL,HbA1c,HDL,per-unit (MAGIC),per-SD (INT),per-SD,-0.0140122712806288,0.124467123704637,-0.014,0.1245,4.2e-01,7.7e-04,False,False,False,
HbA1c->HF,HbA1c,HF,per-unit (MAGIC),per-SD (INT),log-OR,0.0481527213206198,-0.180075010779324,0.0482,-0.1801,1.5e-02,1.4e-03,False,True,False,
HbA1c->LDL,HbA1c,LDL,per-unit (MAGIC),per-SD (INT),per-SD,0.130965037323888,0.0306605965400296,0.131,0.0307,6.7e-20,3.9e-01,True,False,False,
HbA1c->Stroke,HbA1c,Stroke,per-unit (MAGIC),per-SD (INT),log-OR,0.112782586820416,-0.0307007990166463,0.1128,-0.0307,5.1e-07,5.3e-01,False,False,False,
HbA1c->T2D,HbA1c,T2D,per-unit (MAGIC),per-SD (INT),log-OR,1.06101996931874,1.51245726613517,1.061,1.5125,1.4e-28,4.1e-13,True,True,False,
HbA1c->TC,HbA1c,TC,per-unit (MAGIC),per-SD (INT),per-SD,0.133819605281325,0.0675076321273591,0.1338,0.0675,1.2e-19,3.0e-02,True,True,False,
HbA1c->TG,HbA1c,TG,per-unit (MAGIC),per-SD (INT),per-SD,0.06870249000348,-0.0906830154324265,0.0687,-0.0907,3.5e-04,5.4e-03,False,True,False,
HDL->BMI,HDL,BMI,per-SD,per-SD,per-SD,-0.0680850315265925,0.0114697890615391,-0.0681,0.0115,3.3e-02,5.2e-01,False,False,True,
HDL->eGFR,HDL,eGFR,per-SD,per-SD,per-SD,0.000756051140751559,0.0362575140246484,0.0008,0.0363,7.2e-01,4.4e-02,True,False,True,
HDL->HbA1c,HDL,HbA1c,per-SD,per-SD,per-SD,-0.0468612026406415,-0.0442669360943106,-0.0469,-0.0443,5.5e-03,9.7e-02,True,False,True,
HDL->HF,HDL,HF,per-SD,per-SD,log-OR,-0.123455803647606,-0.0180833189020734,-0.1235,-0.0181,1.0e-09,5.8e-01,True,False,True,
HDL->LDL,HDL,LDL,per-SD,per-SD,per-SD,-0.0454783968539754,-0.102535756827823,-0.0455,-0.1025,8.6e-02,1.8e-01,True,False,True,
HDL->Stroke,HDL,Stroke,per-SD,per-SD,log-OR,-0.0998803641958586,0.00540768636715353,-0.0999,0.0054,4.5e-06,8.9e-01,False,False,True,
HDL->T2D,HDL,T2D,per-SD,per-SD,log-OR,-0.487547910421763,-0.0210477553231903,-0.4875,-0.021,1.1e-16,6.8e-01,True,False,True,
HDL->TC,HDL,TC,per-SD,per-SD,per-SD,0.155389532438148,0.173843683172385,0.1554,0.1738,1.5e-08,2.1e-03,True,True,True,
HDL->TG,HDL,TG,per-SD,per-SD,per-SD,-0.512065865622795,-0.266835479764733,-0.5121,-0.2668,9.1e-80,2.2e-03,True,True,True,
LDL->BMI,LDL,BMI,per-SD,per-SD,per-SD,-0.0116179901655577,-0.068132069579973,-0.0116,-0.0681,6.0e-01,1.2e-03,True,False,True,
LDL->eGFR,LDL,eGFR,per-SD,per-SD,per-SD,0.00790990670393054,0.0230178457012592,0.0079,0.023,1.6e-04,4.8e-01,True,False,True,
LDL->HbA1c,LDL,HbA1c,per-SD,per-SD,per-SD,0.0886106424884955,0.0470458822787397,0.0886,0.047,7.9e-03,2.9e-01,True,False,True,
LDL->HDL,LDL,HDL,per-SD,per-SD,per-SD,-0.0757813267398154,-0.113598512166294,-0.0758,-0.1136,2.3e-02,3.8e-01,True,False,True,
LDL->HF,LDL,HF,per-SD,per-SD,log-OR,0.121468868674459,-0.010720077418922,0.1215,-0.0107,2.3e-09,8.2e-01,False,False,True,
LDL->Stroke,LDL,Stroke,per-SD,per-SD,log-OR,0.0700106439825992,-0.0521605865642698,0.07,-0.0522,2.0e-03,3.8e-01,False,False,True,
LDL->T2D,LDL,T2D,per-SD,per-SD,log-OR,-0.00780060395039043,-0.0512411063037128,-0.0078,-0.0512,8.9e-01,4.0e-01,True,False,True,
LDL->TC,LDL,TC,per-SD,per-SD,per-SD,0.908599802051038,0.615575360261313,0.9086,0.6156,0.0e+00,2.5e-37,True,True,True,
LDL->TG,LDL,TG,per-SD,per-SD,per-SD,0.216913486098111,-0.214504572480566,0.2169,-0.2145,8.2e-13,7.3e-02,False,False,True,
SBP->BMI,SBP,BMI,per-mmHg,per-SD (INT),per-SD,-0.0028862850272873,0.0744224846023972,-0.0557,0.0744,6.2e-02,2.3e-01,False,False,True,EUR rescaled per-mmHg->per-SD (x19.3)
SBP->HbA1c,SBP,HbA1c,per-mmHg,per-SD (INT),per-SD,0.000536960305193872,-0.199827750674473,0.0104,-0.1998,6.3e-01,3.1e-03,False,False,True,EUR rescaled per-mmHg->per-SD (x19.3)
SBP->HDL,SBP,HDL,per-mmHg,per-SD (INT),per-SD,-0.00108244190276389,0.26750701708053,-0.0209,0.2675,2.4e-01,8.7e-02,False,False,True,EUR rescaled per-mmHg->per-SD (x19.3)
SBP->LDL,SBP,LDL,per-mmHg,per-SD (INT),per-SD,-0.0020284744063028,-0.243766926002738,-0.0391,-0.2438,4.0e-02,6.2e-04,True,True,True,EUR rescaled per-mmHg->per-SD (x19.3)
SBP->T2D,SBP,T2D,per-mmHg,per-SD (INT),log-OR,0.0171674535635733,-0.0761618172412093,0.3313,-0.0762,3.0e-08,4.5e-01,False,False,True,EUR rescaled per-mmHg->per-SD (x19.3)
SBP->TC,SBP,TC,per-mmHg,per-SD (INT),per-SD,-0.00149918405139193,-0.115268771799284,-0.0289,-0.1153,8.6e-02,5.0e-05,True,False,True,EUR rescaled per-mmHg->per-SD (x19.3)
SBP->TG,SBP,TG,per-mmHg,per-SD (INT),per-SD,0.00183022883148544,-0.0560005988312382,0.0353,-0.056,6.1e-02,2.0e-01,False,False,True,EUR rescaled per-mmHg->per-SD (x19.3)
T2D->BMI,T2D,BMI,per-log-OR,per-log-OR,per-SD,0.00971636973261611,-0.0977180946619953,0.0097,-0.0977,5.8e-01,2.1e-07,False,False,True,
T2D->eGFR,T2D,eGFR,per-log-OR,per-log-OR,per-SD,-0.000347311275647436,0.0156741985876345,-0.0003,0.0157,8.1e-01,7.9e-02,False,False,True,
T2D->HbA1c,T2D,HbA1c,per-log-OR,per-log-OR,per-SD,0.279312389209003,0.336508792453623,0.2793,0.3365,7.1e-80,4.5e-157,True,True,True,
T2D->HDL,T2D,HDL,per-log-OR,per-log-OR,per-SD,-0.0713623125810016,0.0339525744102785,-0.0714,0.034,2.7e-05,7.3e-03,False,True,True,
T2D->HF,T2D,HF,per-log-OR,per-log-OR,log-OR,0.0524635251614278,-0.0371254404639702,0.0525,-0.0371,6.3e-05,8.2e-02,False,False,True,
T2D->LDL,T2D,LDL,per-log-OR,per-log-OR,per-SD,0.00110745506418276,0.0150594429725135,0.0011,0.0151,9.2e-01,1.6e-01,True,False,True,
T2D->Stroke,T2D,Stroke,per-log-OR,per-log-OR,log-OR,0.0804873528594998,-0.013349231374952,0.0805,-0.0133,3.9e-10,3.8e-01,False,False,True,
T2D->TC,T2D,TC,per-log-OR,per-log-OR,per-SD,-0.00297509816987013,0.012549308913292,-0.003,0.0125,8.2e-01,2.0e-01,False,False,True,
T2D->TG,T2D,TG,per-log-OR,per-log-OR,per-SD,0.0675134813830686,-0.0187044747389596,0.0675,-0.0187,4.8e-03,2.0e-01,False,False,True,
TC->BMI,TC,BMI,per-SD,per-SD,per-SD,-0.0230936983218813,-0.101528345014577,-0.0231,-0.1015,3.5e-01,5.7e-05,True,False,True,
TC->eGFR,TC,eGFR,per-SD,per-SD,per-SD,0.00867521822697526,0.064111255435257,0.0087,0.0641,4.1e-06,4.2e-02,True,True,True,
TC->HbA1c,TC,HbA1c,per-SD,per-SD,per-SD,0.0898756293670866,-0.00493768948056029,0.0899,-0.0049,5.4e-03,9.2e-01,False,False,True,
TC->HDL,TC,HDL,per-SD,per-SD,per-SD,0.215228072779266,0.511199330798222,0.2152,0.5112,5.8e-10,6.2e-03,True,True,True,
TC->HF,TC,HF,per-SD,per-SD,log-OR,0.0895471426361284,-0.0284099540905202,0.0895,-0.0284,1.0e-05,6.1e-01,False,False,True,
TC->LDL,TC,LDL,per-SD,per-SD,per-SD,0.93441651189769,0.94309592930264,0.9344,0.9431,0.0e+00,1.5e-17,True,True,True,
TC->Stroke,TC,Stroke,per-SD,per-SD,log-OR,0.0317080171638708,-0.0258498858877948,0.0317,-0.0258,1.5e-01,5.7e-01,False,False,True,
TC->T2D,TC,T2D,per-SD,per-SD,log-OR,-0.0405580783104494,-0.0449749336865232,-0.0406,-0.045,3.7e-01,4.5e-01,True,False,True,
TC->TG,TC,TG,per-SD,per-SD,per-SD,0.318252159275777,0.110687195821215,0.3183,0.1107,2.0e-32,3.8e-01,True,False,True,
TG->BMI,TG,BMI,per-SD,per-SD,per-SD,0.0680474832403082,-0.0615248685382655,0.068,-0.0615,1.1e-01,1.3e-03,False,False,True,
TG->eGFR,TG,eGFR,per-SD,per-SD,per-SD,0.00271358457399115,0.0228910791915178,0.0027,0.0229,2.7e-01,4.2e-01,True,False,True,
TG->HbA1c,TG,HbA1c,per-SD,per-SD,per-SD,0.102286936976087,-0.0473344603466428,0.1023,-0.0473,4.5e-05,2.4e-01,False,False,True,
TG->HDL,TG,HDL,per-SD,per-SD,per-SD,-0.597900860497658,-0.469944001751264,-0.5979,-0.4699,1.6e-64,2.9e-03,True,True,True,
TG->HF,TG,HF,per-SD,per-SD,log-OR,0.109132275099674,0.00225702528365046,0.1091,0.0023,4.3e-06,9.6e-01,True,False,True,
TG->LDL,TG,LDL,per-SD,per-SD,per-SD,0.276836978386402,-0.114808992265349,0.2768,-0.1148,1.8e-27,2.5e-02,False,True,True,
TG->Stroke,TG,Stroke,per-SD,per-SD,log-OR,0.0974338451335505,0.0311327860847617,0.0974,0.0311,6.7e-05,4.1e-01,True,False,True,
TG->T2D,TG,T2D,per-SD,per-SD,log-OR,0.594295442560336,-0.0528717036026625,0.5943,-0.0529,1.1e-13,4.2e-01,False,False,True,
TG->TC,TG,TC,per-SD,per-SD,per-SD,0.347041077507405,0.123126696798207,0.347,0.1231,2.9e-39,4.8e-02,True,True,True,
