exposure,outcome,b_eur_used,se_eur_used,b_eas,se_eas,z_raw,p_raw,z_absorbed,p_absorbed,sig_raw,sig_absorbed,global_slope,family_size,bonferroni
TG,LDL,0.276837,0.025492,-0.114809,0.051098,6.8585,6.959322e-12,4.5039,6.671382e-06,True,True,0.436049,67,7.462687e-04
CAD,HF,0.285129,0.012260,0.072704,0.030879,6.3938,1.618536e-10,1.6474,9.948024e-02,True,False,0.436049,67,7.462687e-04
TG,T2D,0.594295,0.079944,-0.052872,0.065737,6.2528,4.032137e-10,4.1933,2.749437e-05,True,True,0.436049,67,7.462687e-04
HDL,T2D,-0.487548,0.058757,-0.021048,0.050810,-6.0055,1.907701e-09,-3.3661,7.623202e-04,True,False,0.436049,67,7.462687e-04
LDL,TC,0.908600,0.012666,0.615575,0.048212,5.8784,4.143295e-09,-4.5208,6.161303e-06,True,True,0.436049,67,7.462687e-04
T2D,HDL,-0.071362,0.017008,0.033953,0.012662,-4.9668,6.806180e-07,-4.4344,9.233895e-06,True,True,0.436049,67,7.462687e-04
T2D,Stroke,0.080487,0.012863,-0.013349,0.015157,4.7203,2.355457e-06,2.9976,2.721415e-03,True,False,0.436049,67,7.462687e-04
T2D,BMI,0.009716,0.017674,-0.097718,0.018834,4.1596,3.188319e-05,5.0101,5.439809e-07,True,True,0.436049,67,7.462687e-04
BMI,T2D,0.990296,0.063195,-0.153085,0.277767,4.0138,5.975828e-05,2.0954,3.613158e-02,True,False,0.436049,67,7.462687e-04
T2D,HF,0.052464,0.013106,-0.037125,0.021336,3.5779,3.464156e-04,2.7165,6.598056e-03,True,False,0.436049,67,7.462687e-04
LDL,TG,0.216913,0.030304,-0.214505,0.119735,3.4930,4.776786e-04,2.5659,1.029176e-02,True,False,0.436049,67,7.462687e-04
CAD,T2D,0.167536,0.034876,0.020297,0.023869,3.4840,4.940367e-04,1.8641,6.231185e-02,True,False,0.436049,67,7.462687e-04
SBP,HF,0.383730,0.029986,0.856933,0.132650,-3.4795,5.023303e-04,-5.1736,2.295884e-07,True,True,0.436049,67,7.462687e-04
SBP,T2D,0.331332,0.059764,-0.076162,0.101853,3.4506,5.592536e-04,2.0986,3.584826e-02,True,False,0.436049,67,7.462687e-04
TG,TC,0.347041,0.026473,0.123127,0.062158,3.3143,9.188332e-04,0.4461,6.555597e-01,False,False,0.436049,67,7.462687e-04
CAD,Stroke,0.171125,0.020433,-0.005629,0.049614,3.2942,9.871771e-04,1.5920,1.113900e-01,False,False,0.436049,67,7.462687e-04
T2D,TG,0.067513,0.023954,-0.018704,0.014507,3.0787,2.079106e-03,2.6932,7.077977e-03,False,False,0.436049,67,7.462687e-04
HDL,CAD,-0.305326,0.026902,-0.143863,0.047108,-2.9764,2.916845e-03,0.2209,8.251372e-01,False,False,0.436049,67,7.462687e-04
TG,CAD,0.392734,0.030933,0.226176,0.048605,2.8910,3.840638e-03,-1.0889,2.762091e-01,False,False,0.436049,67,7.462687e-04
TG,BMI,0.068047,0.042431,-0.061525,0.019186,2.7825,5.394502e-03,3.4215,6.227008e-04,False,True,0.436049,67,7.462687e-04
SBP,LDL,-0.039150,0.019081,-0.243767,0.071187,2.7764,5.497227e-03,3.1630,1.561637e-03,False,False,0.436049,67,7.462687e-04
HDL,HF,-0.123456,0.020223,-0.018083,0.032252,-2.7680,5.639605e-03,-1.0692,2.849759e-01,False,False,0.436049,67,7.462687e-04
HDL,TG,-0.512066,0.027077,-0.266835,0.086964,-2.6924,7.093453e-03,0.4962,6.197382e-01,False,False,0.436049,67,7.462687e-04
T2D,CAD,0.128975,0.022099,0.053520,0.017531,2.6749,7.474425e-03,0.1359,8.918718e-01,False,False,0.436049,67,7.462687e-04
SBP,Stroke,0.518453,0.034285,0.972974,0.169512,-2.6281,8.585493e-03,-4.3892,1.137892e-05,False,True,0.436049,67,7.462687e-04
SBP,TC,-0.028934,0.016835,-0.115269,0.028420,2.6137,8.957369e-03,3.4972,4.701769e-04,False,True,0.436049,67,7.462687e-04
LDL,HF,0.121469,0.020327,-0.010720,0.047213,2.5716,1.012218e-02,1.3258,1.849206e-01,False,False,0.436049,67,7.462687e-04
HDL,Stroke,-0.099880,0.021775,0.005408,0.038769,-2.3679,1.789154e-02,-1.2266,2.199629e-01,False,False,0.436049,67,7.462687e-04
TG,HF,0.109132,0.023749,0.002257,0.040417,2.2799,2.261641e-02,1.0865,2.772762e-01,False,False,0.436049,67,7.462687e-04
TC,BMI,-0.023094,0.024850,-0.101528,0.025227,2.2150,2.676181e-02,3.3311,8.650172e-04,False,False,0.436049,67,7.462687e-04
HDL,BMI,-0.068085,0.031953,0.011470,0.017739,-2.1768,2.949551e-02,-1.8247,6.805128e-02,False,False,0.436049,67,7.462687e-04
BMI,CAD,0.386981,0.027944,0.161933,0.101154,2.1445,3.199430e-02,0.0668,9.467127e-01,False,False,0.436049,67,7.462687e-04
TC,HF,0.089547,0.020312,-0.028410,0.055511,1.9955,4.598461e-02,1.2000,2.301319e-01,False,False,0.436049,67,7.462687e-04
CAD,TC,0.194064,0.041169,0.070018,0.049787,1.9201,5.484424e-02,0.2759,7.826036e-01,False,False,0.436049,67,7.462687e-04
SBP,TG,0.035323,0.018842,-0.056001,0.043895,1.9118,5.589934e-02,1.5989,1.098379e-01,False,False,0.436049,67,7.462687e-04
LDL,Stroke,0.070011,0.022656,-0.052161,0.059754,1.9118,5.590460e-02,1.3653,1.721608e-01,False,False,0.436049,67,7.462687e-04
SBP,BMI,-0.055705,0.029873,0.074422,0.062035,-1.8899,5.876805e-02,-1.5573,1.194061e-01,False,False,0.436049,67,7.462687e-04
LDL,BMI,-0.011618,0.022096,-0.068132,0.021032,1.8526,6.394097e-02,2.7261,6.408183e-03,False,False,0.436049,67,7.462687e-04
SBP,HDL,-0.020891,0.017666,0.267507,0.156086,-1.8360,6.636289e-02,-1.7701,7.671859e-02,False,False,0.436049,67,7.462687e-04
BMI,CKD,0.142900,0.028600,0.408100,0.144000,-1.8064,7.085844e-02,-2.3924,1.674064e-02,False,False,0.436049,67,7.462687e-04
CAD,LDL,0.246198,0.049986,0.088216,0.077606,1.7114,8.700485e-02,0.2374,8.123292e-01,False,False,0.436049,67,7.462687e-04
TC,TG,0.318252,0.026840,0.110687,0.126992,1.5991,1.097880e-01,0.2202,8.256896e-01,False,False,0.436049,67,7.462687e-04
TC,HDL,0.215228,0.034733,0.511199,0.186753,-1.5581,1.192077e-01,-2.2275,2.591705e-02,False,False,0.436049,67,7.462687e-04
BMI,HDL,-0.275173,0.016855,-0.193465,0.050230,-1.5422,1.230323e-01,1.4474,1.477897e-01,False,False,0.436049,67,7.462687e-04
TC,CAD,0.434009,0.031183,0.581680,0.094921,-1.4780,1.394043e-01,-4.0925,4.267218e-05,False,True,0.436049,67,7.462687e-04
TG,Stroke,0.097434,0.024443,0.031133,0.037767,1.4738,1.405382e-01,0.2893,7.723477e-01,False,False,0.436049,67,7.462687e-04
CAD,BMI,-0.004515,0.017549,-0.031767,0.013185,1.2415,2.144074e-01,1.9547,5.062284e-02,False,False,0.436049,67,7.462687e-04
TC,Stroke,0.031708,0.021970,-0.025850,0.045804,1.1330,2.572054e-01,0.8479,3.965097e-01,False,False,0.436049,67,7.462687e-04
BMI,HF,0.524648,0.019899,0.450654,0.073386,0.9731,3.304817e-01,-3.0026,2.677049e-03,False,False,0.436049,67,7.462687e-04
BMI,TG,0.205053,0.020334,0.164341,0.036618,0.9720,3.310526e-01,-1.9887,4.673055e-02,False,False,0.436049,67,7.462687e-04
T2D,TC,-0.002975,0.013414,0.012549,0.009891,-0.9315,3.516169e-01,-1.2050,2.282196e-01,False,False,0.436049,67,7.462687e-04
T2D,LDL,0.001107,0.010707,0.015059,0.010723,-0.9207,3.571949e-01,-1.2463,2.126406e-01,False,False,0.436049,67,7.462687e-04
TG,HDL,-0.597901,0.035251,-0.469944,0.158069,-0.7901,4.294739e-01,1.3174,1.876883e-01,False,False,0.436049,67,7.462687e-04
SBP,CKD,0.275990,0.032810,0.097900,0.224000,0.7867,4.314863e-01,0.1000,9.203463e-01,False,False,0.436049,67,7.462687e-04
BMI,TC,-0.052156,0.021413,-0.022581,0.032198,-0.7648,4.443663e-01,-0.0048,9.961550e-01,False,False,0.436049,67,7.462687e-04
HDL,LDL,-0.045478,0.026526,-0.102536,0.077293,0.6982,4.850332e-01,1.0582,2.899458e-01,False,False,0.436049,67,7.462687e-04
CAD,HDL,-0.105010,0.034954,-0.072441,0.050993,-0.5268,5.983245e-01,0.5008,6.165398e-01,False,False,0.436049,67,7.462687e-04
SBP,CAD,0.648137,0.046170,0.527268,0.226072,0.5238,6.003929e-01,-1.0779,2.810757e-01,False,False,0.436049,67,7.462687e-04
LDL,T2D,-0.007801,0.057545,-0.051241,0.060605,0.5198,6.032120e-01,0.7293,4.658037e-01,False,False,0.436049,67,7.462687e-04
BMI,LDL,-0.021209,0.022285,0.001545,0.038219,-0.5143,6.070331e-01,-0.2737,7.843191e-01,False,False,0.436049,67,7.462687e-04
HDL,TC,0.155390,0.027424,0.173844,0.056422,-0.2942,7.686326e-01,-1.8394,6.586034e-02,False,False,0.436049,67,7.462687e-04
LDL,HDL,-0.075781,0.033256,-0.113599,0.130650,0.2805,7.790821e-01,0.6128,5.400044e-01,False,False,0.436049,67,7.462687e-04
CAD,TG,0.055585,0.031409,0.037853,0.079238,0.2080,8.352024e-01,-0.1693,8.655477e-01,False,False,0.436049,67,7.462687e-04
LDL,CAD,0.510856,0.033262,0.526820,0.084878,-0.1751,8.609889e-01,-3.5312,4.137452e-04,False,True,0.436049,67,7.462687e-04
TC,LDL,0.934417,0.013888,0.943096,0.110613,-0.0779,9.379462e-01,-4.8353,1.329648e-06,False,True,0.436049,67,7.462687e-04
BMI,Stroke,0.151321,0.024940,0.156619,0.064770,-0.0763,9.391536e-01,-1.3800,1.675776e-01,False,False,0.436049,67,7.462687e-04
TC,T2D,-0.040558,0.045452,-0.044975,0.059560,0.0590,9.529881e-01,0.4348,6.637433e-01,False,False,0.436049,67,7.462687e-04
