exposure,outcome,nsnp,ivw_b,ivw_se,ivw_p,fdr,tier,stage_dir,steiger,egger_int_p
LDL,TC,532,0.9086,0.0126661185989842,0.00e+00,0,1-Bonferroni,same-stage,TRUE,5.09560386955976e-07
TC,LDL,563,0.9344,0.0138883832703703,0.00e+00,0,1-Bonferroni,same-stage,TRUE,0.00420024298466922
BMI,HF,501,0.5246,0.0198987598338068,3.38e-153,1.25e-151,1-Bonferroni,forward,TRUE,0.338120568317605
CAD,HF,171,0.2851,0.0122601074227689,1.22e-119,3.38e-118,1-Bonferroni,same-stage,TRUE,0.526820020792162
T2D,HbA1c,110,0.2793,0.0147587936486485,7.08e-80,1.57e-78,Steiger-fail,same-stage,FALSE,0.787939821387835
HDL,TG,578,-0.5121,0.027076651445031,9.13e-80,1.69e-78,1-Bonferroni,same-stage,TRUE,0.604425568290746
TG,HDL,531,-0.5979,0.0352505544286334,1.58e-64,2.51e-63,1-Bonferroni,same-stage,TRUE,0.569249448004395
BMI,HDL,505,-0.2752,0.0168547947598807,6.44e-60,8.93e-59,1-Bonferroni,forward,TRUE,0.430462199705923
BMI,T2D,463,0.9903,0.0631954506060068,2.41e-55,2.97e-54,1-Bonferroni,forward,TRUE,0.766625596367752
LDL,CAD,483,0.5109,0.0332615007626198,3.09e-53,3.43e-52,1-Bonferroni,forward,TRUE,0.0177294640161602
SBP,Stroke,434,0.0269,0.0017764284206904,1.16e-51,1.17e-50,1-Bonferroni,forward,TRUE,0.0710899321370686
SBP,CAD,436,0.0336,0.00239220730748779,9.10e-45,8.42e-44,1-Bonferroni,forward,TRUE,0.889854035907169
TC,CAD,534,0.4340,0.0311829929092593,4.91e-44,4.2e-43,1-Bonferroni,forward,TRUE,0.000293008400345971
BMI,CAD,504,0.3870,0.0279435910765911,1.30e-43,1.03e-42,1-Bonferroni,forward,TRUE,0.635915588004203
TG,TC,531,0.3470,0.0264730530693773,2.92e-39,2.16e-38,1-Bonferroni,same-stage,TRUE,0.848186915869432
SBP,HF,431,0.0199,0.00155367097676527,1.70e-37,1.18e-36,1-Bonferroni,forward,TRUE,0.893530449099012
TG,CAD,513,0.3927,0.0309328469782367,6.20e-37,4.05e-36,1-Bonferroni,forward,TRUE,0.000166231282402315
TC,TG,563,0.3183,0.0268404915277589,1.98e-32,1.22e-31,1-Bonferroni,same-stage,TRUE,0.892709789443185
HDL,CAD,557,-0.3053,0.0269017058079595,7.44e-30,4.35e-29,1-Bonferroni,forward,TRUE,0.000652641629902097
BMI,HbA1c,453,0.2251,0.0200560723326648,3.20e-29,1.77e-28,1-Bonferroni,forward,TRUE,0.119418675698664
HbA1c,T2D,198,1.0610,0.0956453886252397,1.35e-28,7.15e-28,1-Bonferroni,same-stage,TRUE,0.0173688263838207
TG,LDL,531,0.2768,0.0254918250102212,1.79e-27,9.04e-27,1-Bonferroni,same-stage,TRUE,0.588315092983888
BMI,TG,505,0.2051,0.0203341602767924,6.49e-24,3.13e-23,1-Bonferroni,forward,TRUE,0.475768761294464
HbA1c,LDL,342,0.1310,0.0143412263458193,6.72e-20,3.11e-19,1-Bonferroni,same-stage,TRUE,0.516234141794188
HbA1c,TC,342,0.1338,0.0147555447393868,1.20e-19,5.33e-19,1-Bonferroni,same-stage,TRUE,0.664498793218402
CAD,Stroke,168,0.1711,0.0204325440654845,5.52e-17,2.36e-16,1-Bonferroni,same-stage,TRUE,0.0265112759875333
HDL,T2D,306,-0.4875,0.0587572318083835,1.06e-16,4.37e-16,1-Bonferroni,same-stage,TRUE,1.69171044200267e-10
TG,T2D,296,0.5943,0.0799444438233497,1.05e-13,4.18e-13,1-Bonferroni,same-stage,TRUE,1.38273543490942e-15
HbA1c,CAD,336,0.1838,0.0250328855969299,2.12e-13,8.11e-13,1-Bonferroni,forward,TRUE,0.0611448663263624
LDL,TG,532,0.2169,0.0303035876822929,8.19e-13,3.03e-12,1-Bonferroni,same-stage,TRUE,0.00164155137834665
T2D,Stroke,116,0.0805,0.0128627691683115,3.91e-10,1.4e-09,1-Bonferroni,forward,TRUE,0.0383471398417918
TC,HDL,565,0.2152,0.0347328216828933,5.77e-10,2e-09,1-Bonferroni,same-stage,TRUE,0.0243281770089107
HDL,HF,476,-0.1235,0.0202228993667215,1.03e-09,3.46e-09,1-Bonferroni,forward,TRUE,1.84331700055238e-06
BMI,Stroke,504,0.1513,0.0249397594549907,1.30e-09,4.24e-09,1-Bonferroni,forward,TRUE,0.651623393047552
HF,Stroke,45,0.3781,0.063136009227356,2.12e-09,6.72e-09,1-Bonferroni,same-stage,TRUE,0.127570096557993
LDL,HF,379,0.1215,0.0203273909579362,2.29e-09,7.07e-09,1-Bonferroni,forward,TRUE,0.0694710806898399
T2D,CAD,116,0.1290,0.02209901768047,5.34e-09,1.6e-08,1-Bonferroni,forward,TRUE,0.0378993232639991
HDL,TC,578,0.1554,0.0274243997795388,1.46e-08,4.27e-08,1-Bonferroni,same-stage,TRUE,0.0231587002590661
SBP,T2D,334,0.0172,0.00309660499642238,2.96e-08,8.42e-08,1-Bonferroni,same-stage,TRUE,0.00223714434819301
HF,CAD,45,0.8069,0.149434982613516,6.68e-08,1.85e-07,Steiger-fail,same-stage,FALSE,0.0231727668835403
HbA1c,Stroke,289,0.1128,0.022451044044702,5.07e-07,1.37e-06,1-Bonferroni,forward,TRUE,0.012251536217443
CAD,LDL,175,0.2462,0.0499861356241196,8.42e-07,2.23e-06,Steiger-fail,backward,FALSE,0.00311214998723989
CAD,T2D,128,0.1675,0.0348757718447547,1.56e-06,4.02e-06,1-Bonferroni,backward,TRUE,0.00329474978724928
CAD,TC,174,0.1941,0.0411693356330098,2.43e-06,6.13e-06,Steiger-fail,backward,FALSE,0.00354740374556652
TC,eGFR,458,0.0087,0.00188375133235122,4.12e-06,1.02e-05,1-Bonferroni,same-stage,TRUE,0.401144757018546
TG,HF,446,0.1091,0.0237488240158474,4.32e-06,1.04e-05,1-Bonferroni,forward,TRUE,0.0122800017502182
HDL,Stroke,448,-0.0999,0.0217748757901579,4.50e-06,1.06e-05,1-Bonferroni,forward,TRUE,0.000203110192781841
TC,HF,445,0.0895,0.0203122707144017,1.04e-05,2.41e-05,1-Bonferroni,forward,TRUE,0.000698165091778376
T2D,HDL,116,-0.0714,0.0170076297630224,2.72e-05,6.16e-05,1-Bonferroni,same-stage,TRUE,0.00886959206008149
TG,HbA1c,428,0.1023,0.0250734812484998,4.51e-05,0.0001,Steiger-fail,same-stage,FALSE,2.28343774325593e-14
T2D,HF,115,0.0525,0.0131062373257923,6.26e-05,0.000136,1-Bonferroni,forward,TRUE,0.000424685666221914
TG,Stroke,430,0.0974,0.0244429269292123,6.71e-05,0.000143,1-Bonferroni,forward,TRUE,0.047456015460729
LDL,eGFR,381,0.0079,0.00209836776771257,1.64e-04,0.000343,1-Bonferroni,same-stage,TRUE,0.852374450170484
HbA1c,TG,342,0.0687,0.0192246247274876,3.52e-04,0.000724,1-Bonferroni,same-stage,TRUE,0.00697392612075354
HF,T2D,33,0.4217,0.118951449753433,3.93e-04,0.000792,1-Bonferroni,backward,TRUE,0.923857170026173
eGFR,BMI,127,-0.5182,0.153478067060791,7.35e-04,0.00146,2-FDR05,backward,TRUE,0.221906217555092
HF,HDL,45,-0.1185,0.0366681656487524,1.23e-03,0.00239,Steiger-fail,backward,FALSE,0.0175347772802964
LDL,Stroke,356,0.0700,0.0226557874494584,2.00e-03,0.00383,2-FDR05,forward,TRUE,0.850010052027141
CAD,HDL,174,-0.1050,0.0349540810175797,2.66e-03,0.00501,2-FDR05,backward,TRUE,0.0822026065397789
T2D,TG,116,0.0675,0.023953559958262,4.82e-03,0.00893,2-FDR05,same-stage,TRUE,0.239706011034766
TC,HbA1c,427,0.0899,0.0323390321742632,5.45e-03,0.00979,Steiger-fail,same-stage,FALSE,0.00323635120915203
HDL,HbA1c,441,-0.0469,0.0168687040143375,5.47e-03,0.00979,2-FDR05,same-stage,TRUE,0.000125685690340348
LDL,HbA1c,379,0.0886,0.0333660013864829,7.91e-03,0.0139,Steiger-fail,same-stage,FALSE,0.00116206884357491
BMI,TC,505,-0.0522,0.0214131811291346,1.49e-02,0.0254,2-FDR05,forward,TRUE,0.133546379185041
HbA1c,HF,318,0.0482,0.0197702368697487,1.49e-02,0.0254,2-FDR05,forward,TRUE,0.00215114012514676
LDL,HDL,531,-0.0758,0.0332561587822363,2.27e-02,0.0382,2-FDR05,same-stage,TRUE,0.0228393794351892
CAD,HbA1c,147,0.0312,0.0145958124134005,3.26e-02,0.054,Steiger-fail,backward,FALSE,0.399118651164963
HDL,BMI,181,-0.0681,0.0319529356128514,3.31e-02,0.054,3-FDR10,backward,TRUE,8.57368403742949e-07
SBP,LDL,436,-0.0020,0.000988639553763823,4.02e-02,0.0647,3-FDR10,same-stage,TRUE,0.944101538044964
HF,LDL,45,0.2790,0.138632215640768,4.42e-02,0.0701,Steiger-fail,backward,FALSE,0.245129139221587
HF,HbA1c,40,0.0894,0.0467936825601269,5.61e-02,0.0876,Steiger-fail,backward,FALSE,0.126068963653748
SBP,TG,436,0.0018,0.000976269835023609,6.08e-02,0.0938,3-FDR10,same-stage,TRUE,0.00483731830311224
SBP,BMI,181,-0.0029,0.00154784131924478,6.22e-02,0.0946,3-FDR10,backward,TRUE,0.0161072970104606
BMI,eGFR,505,-0.0034,0.0018827904553055,6.75e-02,0.101,5-NS,forward,TRUE,0.0601831711814338
HF,TC,45,0.2176,0.121656243208208,7.37e-02,0.109,Steiger-fail,backward,FALSE,0.191960944538576
CAD,TG,174,0.0556,0.0314090543883423,7.68e-02,0.112,5-NS,backward,TRUE,0.007726688984166
SBP,TC,436,-0.0015,0.000872281798505637,8.57e-02,0.123,5-NS,same-stage,TRUE,0.829344766405983
HDL,LDL,577,-0.0455,0.0265263920579872,8.64e-02,0.123,5-NS,same-stage,TRUE,0.0145215724720173
TG,BMI,157,0.0680,0.0424312665790152,1.09e-01,0.153,5-NS,backward,TRUE,1.01455426119324e-06
TC,Stroke,413,0.0317,0.0219701558471276,1.49e-01,0.207,5-NS,forward,TRUE,0.63840914928882
HF,BMI,14,0.2292,0.159869233792739,1.52e-01,0.208,Steiger-fail,backward,FALSE,0.816054926029827
eGFR,HbA1c,275,-0.1999,0.145530968932066,1.70e-01,0.23,5-NS,same-stage,TRUE,0.783774063428016
HF,TG,45,0.0339,0.0256229601303963,1.86e-01,0.248,5-NS,backward,TRUE,0.102759816195253
eGFR,TC,336,0.2743,0.217675644096809,2.08e-01,0.274,5-NS,same-stage,TRUE,0.855524128227892
SBP,HDL,436,-0.0011,0.000915347915053459,2.37e-01,0.307,5-NS,same-stage,TRUE,0.000462505605277407
eGFR,T2D,232,0.3985,0.337671844751999,2.38e-01,0.307,5-NS,same-stage,TRUE,0.913830849847453
eGFR,LDL,337,0.2525,0.229066342653147,2.70e-01,0.341,5-NS,same-stage,TRUE,0.646281887289493
TG,eGFR,454,0.0027,0.00246135163750988,2.70e-01,0.341,5-NS,same-stage,TRUE,0.00673953154557536
BMI,LDL,505,-0.0212,0.022285045437939,3.41e-01,0.426,5-NS,forward,TRUE,0.0847933830139269
TC,BMI,145,-0.0231,0.0248503612587187,3.53e-01,0.435,5-NS,backward,TRUE,0.632693286498538
TC,T2D,252,-0.0406,0.0454522611570694,3.72e-01,0.454,5-NS,same-stage,TRUE,0.138468563328652
eGFR,HDL,336,0.1173,0.136234969033272,3.89e-01,0.47,5-NS,same-stage,TRUE,0.525826317806557
HF,eGFR,46,-0.0034,0.00403637904022713,3.99e-01,0.476,5-NS,backward,TRUE,0.104711025073984
HbA1c,HDL,342,-0.0140,0.0175023350534623,4.23e-01,0.5,5-NS,same-stage,TRUE,0.00235571897901527
SBP,eGFR,437,-0.0002,0.000200344478497476,4.28e-01,0.5,5-NS,same-stage,TRUE,0.458092100046376
eGFR,HF,326,0.1240,0.16415028025561,4.50e-01,0.52,5-NS,forward,TRUE,0.292308277743352
T2D,BMI,103,0.0097,0.0176736744181817,5.82e-01,0.667,5-NS,backward,TRUE,0.016721486308625
eGFR,Stroke,320,-0.0995,0.188566054377929,5.98e-01,0.672,5-NS,forward,TRUE,0.308208008139789
LDL,BMI,131,-0.0116,0.0220960401879413,5.99e-01,0.672,5-NS,backward,TRUE,0.478707619826512
SBP,HbA1c,399,0.0005,0.00111789363235239,6.31e-01,0.7,5-NS,same-stage,TRUE,0.129750142220862
CAD,eGFR,174,-0.0007,0.00161820175863638,6.72e-01,0.739,5-NS,backward,TRUE,0.500975179391017
HbA1c,eGFR,309,-0.0008,0.00183006822095093,6.79e-01,0.739,5-NS,same-stage,TRUE,0.76196515907072
eGFR,CAD,332,0.0899,0.241362713673993,7.09e-01,0.764,5-NS,forward,TRUE,0.195149725835786
HDL,eGFR,487,0.0008,0.00208033290544818,7.16e-01,0.764,5-NS,same-stage,TRUE,0.0191028439503607
CAD,BMI,76,-0.0045,0.0175491945586688,7.97e-01,0.843,5-NS,backward,TRUE,0.620851352299037
T2D,eGFR,116,-0.0003,0.00141102800960084,8.06e-01,0.844,5-NS,same-stage,TRUE,0.801043569693415
T2D,TC,116,-0.0030,0.0134140790917827,8.24e-01,0.855,5-NS,same-stage,TRUE,0.736187947597447
LDL,T2D,225,-0.0078,0.0575445868509919,8.92e-01,0.914,5-NS,same-stage,TRUE,0.000791157773743972
HbA1c,BMI,110,0.0042,0.0327052280467375,8.97e-01,0.914,5-NS,backward,TRUE,0.0957208820955539
T2D,LDL,116,0.0011,0.0107069465767651,9.18e-01,0.926,5-NS,same-stage,TRUE,0.824509488516008
eGFR,TG,336,0.0114,0.188703974828157,9.52e-01,0.952,5-NS,same-stage,TRUE,0.65703337427089
