exposure,outcome,nsnp,ivw_b,ivw_se,ivw_p,egger_b,egger_p,egger_intercept,egger_intercept_p,wm_b,wm_p,Q,Q_p,steiger_correct,steiger_p
BMI,CAD,493,0.281140078738495,0.0321597665154401,2.29057330058782e-18,0.306018366751328,0.000403254431213372,-0.000434371556195903,0.754887346513258,0.268474589280287,3.62619940809328e-10,1030.7082469824,2.46509724026273e-40,TRUE,0
BMI,eGFR,477,-0.00259236220954414,0.00353851637404096,0.46379465282852,0.00617448667790901,0.512587241030918,-0.000153899877720915,0.315927809761208,0.00186697367081658,0.71020815382266,750.018808993595,1.37483749499201e-14,TRUE,0
BMI,HbA1c,453,0.225059907255927,0.0200560723326648,3.19674807566143e-29,0.149629119910464,0.00444229835242619,0.00132849830562739,0.119418675698664,0.226697465436043,1.03924229894419e-68,4262.18624866633,0,TRUE,7.944106396152e-17
BMI,HDL,505,-0.27517312545267,0.0168547947598807,6.43661206328049e-60,-0.308010028539251,2.03529492291636e-11,0.000573321451877913,0.430462199705923,-0.274837181558829,1.77879605933729e-173,7726.80050152787,0,TRUE,0
BMI,HF,493,0.515523498303481,0.0318733962854654,7.68120217164948e-59,0.636421291820728,3.20788590280414e-13,-0.00211063139553147,0.125488228129793,0.521191913377324,1.05728553478725e-32,755.099794692098,2.00601199093231e-13,TRUE,0
BMI,LDL,505,-0.0212092096105021,0.022285045437939,0.34123704208085,-0.116035058249318,0.0507099023067324,0.00165558835665094,0.0847933830139269,-0.0121610442913547,0.144945218994221,13340.6713292208,0,TRUE,0
BMI,SBP,505,-0.577923773986728,0.245250044702535,0.0184496791198053,-1.37014554212561,0.0365193999052027,0.0137957799397768,0.191549459281135,-0.0594123207251648,0.759866338414658,3438.90193381118,0,TRUE,0
BMI,Stroke,495,0.202219657812579,0.0301034317803849,1.8487488272332e-11,0.239847185621013,0.0027659712446716,-0.00066096188500834,0.61053452217077,0.184256037573771,8.37840638696634e-05,712.404928218719,3.92307572394307e-10,TRUE,0
BMI,T2D,493,0.869043921232071,0.0482263788220881,1.35510944519481e-72,1.05360750693514,2.11964576702157e-15,-0.00322293546726623,0.121951828469121,0.931771849142111,2.5592198483272e-149,3371.14742960865,0,TRUE,0
BMI,TC,505,-0.0521557414170524,0.0214131811291346,0.014863665339257,-0.131503448792965,0.0213883278818729,0.00138517243884212,0.133546379185041,-0.0390423858016418,3.35106940538e-05,13259.6015643479,0,TRUE,0
BMI,TG,505,0.205053241874296,0.0203341602767924,6.49077698524579e-24,0.240896631988979,1.07963106880635e-05,-0.000625789086286684,0.475768761294464,0.204857368064118,2.95778560443878e-83,11393.1077451332,0,TRUE,0
CAD,BMI,76,-0.00451497374271174,0.0175491945586688,0.796966282868568,-0.0185401334372855,0.579271828705421,0.000926825093834858,0.620851352299037,-0.0194041794562445,0.00385505038355583,1432.02086520138,8.21668376425791e-250,TRUE,3.07983265553435e-106
CAD,eGFR,78,-0.00502754010044211,0.00399266452164365,0.207960187653021,-0.0074614200951307,0.362230377773479,0.000148566939667461,0.731986390769781,-0.00349735238911387,0.371894229951392,255.389131537389,5.57537620579833e-21,TRUE,2.6650361320075e-261
CAD,HbA1c,147,0.0311895233873966,0.0145958124134005,0.0326076206786298,0.0119703163528689,0.658380215581238,0.00128232185866676,0.399118651164963,0.0106977298535227,0.203850575920777,2411.6222587045,0,FALSE,2.34348927885613e-25
CAD,HDL,174,-0.105009781898007,0.0349540810175797,0.00266261898047977,-0.00294822023702185,0.965436216087445,-0.00645344101794773,0.0822026065397789,0.00675618026772843,0.264907351888043,37505.971421081,0,TRUE,9.41096674216552e-32
CAD,HF,174,0.184839214701034,0.0197099349626889,6.72539188329792e-21,0.150219292272662,0.000199236479181153,0.00214211250154458,0.313484485470295,0.180476485645888,2.56128944332415e-12,335.2070030764,1.88452428796166e-12,TRUE,0
CAD,LDL,175,0.246198328884985,0.0499861356241196,8.42171066856311e-07,0.491978168702834,6.86427547446356e-07,-0.0155060448182175,0.00311214998723989,-0.0407144599084681,3.78240390044218e-11,76422.9946558172,0,FALSE,4.3121070412934e-26
CAD,SBP,167,1.8193901415398,0.294776201134203,6.73860325496108e-10,0.45055585473071,0.433205597336998,0.0852175862112808,0.00636741561644691,0.616849942054283,6.1889811299192e-07,5157.24234639791,0,TRUE,6.19593848976876e-22
CAD,Stroke,170,0.21648398844783,0.0242000790138913,3.69967547347446e-19,0.141804864045532,0.00421276635201682,0.00450951501995656,0.0810407397315934,0.212871674561493,1.81634328980282e-15,479.933200179373,1.42266193015899e-31,TRUE,0
CAD,T2D,174,0.145011785490461,0.0251985341226904,8.67594837679871e-09,0.0236299371080097,0.634470562000772,0.00750024454177259,0.00534536050372275,0.0925397739872113,2.42838047488375e-05,1065.99125158501,2.07559220492046e-128,TRUE,1.51415626900452e-252
CAD,TC,174,0.194063920356122,0.0411693356330098,2.43142042762523e-06,0.394063119712204,1.3703549584204e-06,-0.012647777426399,0.00354740374556652,-0.0373144990805489,1.43618340163306e-09,55337.3646363966,0,FALSE,5.33220878068708e-18
CAD,TG,174,0.0555852727107802,0.0314090543883423,0.0767735790209203,-0.0841378698664183,0.164887707286007,0.00883312965630962,0.007726688984166,-0.0249589551353932,0.000264174163256571,30703.4989962138,0,TRUE,1.37418183397383e-76
eGFR,BMI,127,-0.518192357288814,0.153478067060791,0.00073460178824533,-0.144649259225438,0.671852242267213,-0.0013319799090465,0.221906217555092,-0.102173005870709,0.359016017945205,1042.56882054826,4.2136694386874e-144,TRUE,0
eGFR,CAD,327,0.297584858561145,0.274264346982492,0.277908668493197,0.234460010285069,0.692683801860968,0.000221640699796048,0.904410658460548,0.401071508038901,0.16851812501442,1091.30594015389,2.945163813522e-83,TRUE,0
eGFR,HbA1c,275,-0.19987960648585,0.145530968932066,0.169612287450615,-0.274037607384966,0.372572249821878,0.000263476140133748,0.783774063428016,-0.000124678825675743,0.999010775996317,2807.69675294748,0,TRUE,6.71002712034147e-19
eGFR,HDL,336,0.11729741829931,0.136234969033272,0.389241641267287,0.28349228423484,0.337405591973853,-0.000580702564295403,0.525826317806557,0.210824930915887,0.000884990378857066,7325.11439131835,0,TRUE,0
eGFR,HF,327,0.198269545247675,0.232653299247872,0.394097363486622,0.00570596543519824,0.990947367143783,0.000676229073700115,0.665686679784964,0.224214961224997,0.466878851040358,585.87113394372,4.49514439655758e-17,TRUE,0
eGFR,LDL,337,0.252542155486598,0.229066342653147,0.270250973450232,0.0502272915706028,0.919493026746231,0.000708961968721973,0.646281887289493,-0.0739596423144288,0.204710770723103,20725.717912036,0,TRUE,0
eGFR,SBP,320,0.543016063430499,2.25664050172629,0.809841670096057,0.425439077503424,0.932074758472034,0.000408335496834248,0.978918060692845,-1.0557924965566,0.547746536969816,3933.66350316382,0,TRUE,0
eGFR,Stroke,325,-0.183306782376304,0.205387108773843,0.372128154847307,-0.350106500963327,0.444332767245657,0.000572484185573921,0.683151611298425,-0.503936079242278,0.0794257685418521,451.106344036406,3.66946904453008e-06,TRUE,0
eGFR,T2D,327,0.473157284842868,0.279315969644164,0.0902679823914408,0.351712353439889,0.560480568724969,0.000426469252281815,0.820510125551437,0.85605780909814,0.000314369378424765,1645.75974350355,8.27126481102666e-175,TRUE,0
eGFR,TC,336,0.274305910506849,0.217675644096809,0.207612028983704,0.198073004303611,0.674853096681207,0.000266345339944476,0.855524128227892,-0.195556995875249,0.00164774377316499,19884.196119919,0,TRUE,0
eGFR,TG,336,0.0114255935916078,0.188703974828157,0.951719418235728,0.172500813870475,0.673268505549463,-0.000562938944860409,0.65703337427089,-0.468342045514954,6.51725002952989e-13,14247.3375474884,0,TRUE,0
HbA1c,BMI,110,0.00422020441228821,0.0327052280467375,0.897327890306615,-0.0702550973232112,0.203521145630197,0.00270528254304485,0.0957208820955539,-0.00530405141477612,0.670973888708026,3011.93895238066,0,TRUE,0
HbA1c,CAD,318,0.134163416759035,0.0313394974686587,1.8608129090446e-05,0.100407346112298,0.0670949042484646,0.00117242557245679,0.451247392431156,0.117632202323738,0.000226052626865875,1032.3585882165,1.20662483711621e-76,TRUE,0
HbA1c,eGFR,111,-0.000247823782176115,0.0053220915827166,0.962859839708115,-0.00697617434670697,0.445714402169374,0.000233388315029386,0.365027379811212,-0.00227859991724571,0.681582769093469,273.617996695894,6.11276153323993e-16,TRUE,0
HbA1c,HDL,342,-0.0140122712806288,0.0175023350534623,0.423366498703539,0.059465934219851,0.0450570103909589,-0.00261808484625003,0.00235571897901527,0.00579114730484471,0.446042797061431,9583.72416652219,0,TRUE,0
HbA1c,HF,318,0.00213768288763103,0.0261139387354179,0.934758169003243,-0.096771477996499,0.032356252744628,0.0034390718598764,0.0076587199137213,-0.0138561031118628,0.690133835323015,535.215600862615,2.10135269527344e-13,TRUE,0
HbA1c,LDL,342,0.130965037323888,0.0143412263458193,6.72038133223349e-20,0.11804356674968,2.23482726731716e-06,0.000460767867632485,0.516234141794188,0.0731872670874232,9.49452980944409e-21,6370.25526020254,0,TRUE,0
HbA1c,SBP,281,0.79805692025876,0.227647793450566,0.000455467954207925,0.172863595616078,0.668409313864761,0.021246270810855,0.0618194834887662,0.739269109434964,8.18653631184157e-06,2423.00780882818,0,TRUE,0
HbA1c,Stroke,295,0.117448406442059,0.0279058431852658,2.56799975956943e-05,-0.0224922957028964,0.655174913962787,0.00455678437787054,0.00101953927652115,0.0525742082692863,0.193264950001888,514.712441910735,2.87454363360708e-14,TRUE,0
HbA1c,T2D,318,0.758399043682365,0.0566158650062478,6.42232361944175e-41,0.505914571997756,3.77959591248253e-07,0.00874866260967273,0.0017346467443176,0.286967791270725,5.924388491054e-16,4883.89713287495,0,TRUE,0
HbA1c,TC,342,0.133819605281325,0.0147555447393868,1.19997062758819e-19,0.124933275153593,1.17707767626016e-06,0.000316804363142709,0.664498793218402,0.0807794759667536,4.27191772528714e-27,7251.06350069901,0,TRUE,0
HbA1c,TG,342,0.06870249000348,0.0192246247274876,0.000352010747452873,-0.00292385724022922,0.928461154996836,0.00255467656922438,0.00697392612075354,0.012645729523222,0.0876372041093839,11755.6251408074,0,TRUE,0
HDL,BMI,181,-0.0680850315265925,0.0319529356128514,0.0331063540817019,0.0954948840594348,0.030821278365036,-0.00549254320101206,8.57368403742949e-07,-0.00412642204654745,0.716671178795661,5068.02291846735,0,TRUE,0
HDL,CAD,529,-0.299038339551091,0.0291429300918172,1.05504812782477e-24,-0.17499869050861,1.8035662932869e-05,-0.00452098566824528,1.6469840564265e-05,-0.168211045771404,3.95970856484545e-07,1760.83947635393,2.55663166299297e-132,TRUE,0
HDL,eGFR,168,0.00784373919091252,0.00574418790918923,0.172093186301772,0.0154334913637874,0.0763688507749046,-0.000230397949672315,0.243112186909853,0.00881973926332118,0.132268600028981,464.940076625207,6.57224855890264e-30,TRUE,0
HDL,HbA1c,441,-0.0468612026406415,0.0168687040143375,0.00546951881275807,0.0203424091541579,0.397716074230877,-0.00228884722928935,0.000125685690340348,-0.0114352045710579,0.315770904252353,4962.423772751,0,TRUE,4.57269656175957e-76
HDL,HF,529,-0.095356709849076,0.0241643743971226,7.94115085362313e-05,0.0173176265607846,0.6042962241864,-0.00410801638782742,2.23168387783559e-06,-0.0110661092040535,0.734575877513168,902.829928644801,4.41225852749129e-22,TRUE,0
HDL,LDL,577,-0.0454783968539754,0.0265263920579872,0.0864445628159067,-0.111543255364639,0.00324336241865955,0.00231636672229492,0.0145215724720173,-0.0220167058254072,0.0317741594895383,39880.5608469956,0,TRUE,0
HDL,SBP,439,-0.916884441934444,0.237097175715179,0.000110125937111776,-0.397659466828373,0.263688789119957,-0.0161790344363842,0.0509934073720446,-0.438380335787917,0.00622866881600339,4289.66792455957,0,TRUE,0
HDL,Stroke,439,-0.120741333114676,0.0259195998961009,3.18827713326594e-06,0.00781605991369757,0.83941316550561,-0.00389514276365178,1.18362856018823e-05,-0.0718892796039315,0.058347457213132,679.521165691221,1.00775257993729e-12,TRUE,0
HDL,T2D,529,-0.342160612946885,0.0348593222067796,9.65873409813404e-23,-0.0521952405588702,0.255642256625646,-0.0105664426844102,5.58571391547369e-18,-0.164468243369516,1.93259237370682e-08,3662.95620249865,0,TRUE,0
HDL,TC,578,0.155389532438148,0.0274243997795388,1.46079912881406e-08,0.0919447834931468,0.0188112342325852,0.00222590360569703,0.0231587002590661,0.16181625055411,4.90184760297079e-51,45998.2358763449,0,TRUE,0
HDL,TG,578,-0.512065865622795,0.027076651445031,9.13406151796693e-80,-0.526387085444191,9.62423716312842e-37,0.000502616328710946,0.604425568290746,-0.173581111005922,1.09902086211934e-45,42780.1328022952,0,TRUE,0
HF,BMI,14,0.229203306718388,0.159869233792739,0.151660059758607,0.101500089276049,0.859719474199831,0.00500708670784025,0.816054926029827,-0.0417945763875974,0.0734595052732884,1781.20473358999,0,FALSE,7.18930486270816e-27
HF,CAD,43,0.690194626309644,0.145489899562025,2.09606133361807e-06,1.21848193056154,0.00703402379117993,-0.0230985888133681,0.198745231107251,0.310639617601532,7.32198393820932e-08,893.551017595348,4.01205464604474e-160,FALSE,1.99602589674708e-23
HF,eGFR,12,0.00196077338225385,0.0165704214682921,0.905806407291502,-0.107337500283211,0.103199790004497,0.00405910023181108,0.0887240034035079,0.0211810120715808,0.0918005935395249,47.481251835031,1.76610923287654e-06,TRUE,4.14693529980918e-11
HF,HbA1c,40,0.0894026251174698,0.0467936825601269,0.0560598104206984,0.296218407146284,0.0409374515410103,-0.00882159305417131,0.126068963653748,0.085215453784098,2.67676628386056e-05,941.548293693266,3.68917952405227e-172,FALSE,1.44151320234023e-72
HF,HDL,45,-0.1185301475043,0.0366681656487524,0.00122708598060699,0.129175556041977,0.230073160052585,-0.0106850743421028,0.0175347772802964,-0.0522358058254089,0.000129790641764415,1538.01429851203,8.5632952840866e-294,FALSE,0.0553736436281183
HF,LDL,45,0.278954724264333,0.138632215640768,0.0441996338267157,0.748846879590285,0.0830405919344186,-0.0202697677757036,0.245129139221587,0.0105244954125374,0.424561344515811,21747.6204747959,0,FALSE,1.00267898863056e-173
HF,SBP,44,1.55949241763721,0.663544056705219,0.0187609577198203,-1.7655939206751,0.378961004195856,0.141244779269427,0.0837370705219677,0.779108343165824,0.00755331856990671,988.216136008934,4.06121886703711e-179,FALSE,0.150301515182549
HF,Stroke,44,0.414386843906366,0.0689059104319885,1.8121628869299e-09,0.591619248562436,0.00714849083075812,-0.00775352942509506,0.374572502412685,0.301869694341269,1.00067834646123e-05,151.796944047843,4.69694549865303e-14,TRUE,1.05520093227005e-11
HF,T2D,43,0.376727418184804,0.103129235624661,0.000259230262586372,0.2753476275486,0.383576440390119,0.00441777262622702,0.732627018933936,0.234722924412957,1.21220308522715e-05,648.822496930017,9.4041712181801e-110,FALSE,0.00148322950981196
HF,TC,45,0.217577843840027,0.121656243208208,0.0737011357156341,0.679610295530139,0.0722794985473227,-0.019928797394022,0.191960944538576,-0.00589950352135002,0.652850722510626,18009.8551613577,0,FALSE,4.73035496273259e-167
HF,TG,45,0.0339146287913216,0.0256229601303963,0.185634903754964,-0.0871218185681273,0.263066316793936,0.00522048252016565,0.102759816195253,0.0443532361572809,0.00532918839533893,762.581088497977,8.51504182323075e-132,TRUE,3.43769229085995e-22
LDL,BMI,131,-0.0116179901655577,0.0220960401879413,0.599030563542613,-0.0367406077046811,0.380144253367198,0.000609074181488769,0.478707619826512,-0.0161960590874798,0.310898060121611,848.607571389038,7.34357883636185e-106,TRUE,0
LDL,CAD,455,0.423006498544569,0.0288079648657766,8.20342492201461e-49,0.47060292619085,1.23197206732719e-31,-0.00251714049435313,0.0446603647215296,0.387487297033759,5.75866660418677e-30,1787.59021181953,3.0312114998446e-157,TRUE,0
LDL,eGFR,127,0.00527479061677291,0.00840657832015259,0.530357827508356,0.0257917481664152,0.139836140514974,-0.000445877692693198,0.179571151524221,-0.00642446229304489,0.471720089773851,375.295613213374,1.34127644798345e-26,TRUE,0
LDL,HbA1c,379,0.0886106424884955,0.0333660013864829,0.00791401006715999,-0.0148696478250663,0.744868440554725,0.00437111805988245,0.00116206884357491,-0.002407382426317,0.820845579609352,17084.2057286655,0,FALSE,0.000104344053123397
LDL,HDL,531,-0.0757813267398154,0.0332561587822363,0.0226839787215857,-0.146106825852224,0.00131546056747567,0.00311422305803014,0.0228393794351892,-0.0938979487886998,1.98462799241242e-24,59546.7646946399,0,TRUE,0
LDL,HF,455,0.0304781129258978,0.0223969392977595,0.173571850243768,0.0354237527290735,0.223029548810775,-0.000261689676674056,0.788709071806953,0.00931559910232389,0.775912651671234,805.789957545407,4.99415194748631e-22,TRUE,0
LDL,SBP,336,0.30072003062741,0.240516210621825,0.211186012075837,0.394400212192084,0.28056054119892,-0.00323807818815292,0.732784468337837,0.693156659214572,3.2383457366644e-05,2911.86462413807,0,TRUE,0
LDL,Stroke,333,0.0710676710593959,0.0299118535296633,0.0175060506305839,0.0866052264495488,0.0665289304415134,-0.000494339044626069,0.668739218917702,0.108085105533125,0.0109808858359588,559.24992482043,7.8203675211994e-14,TRUE,0
LDL,T2D,455,0.045072813858115,0.0264043813792841,0.0878182875327535,-0.00436399323233485,0.897908271831047,0.00262753075358535,0.022310468434268,0.0444359082350511,0.0817134496692635,2195.68366499329,1.04967307310064e-225,TRUE,0
LDL,TC,532,0.908599802051038,0.0126661185989842,0,0.850067553145163,6.82145205648058e-204,0.00259235486206728,5.09560386955976e-07,0.867561679137114,0,9205.94397634168,0,TRUE,9.55710576319244e-16
LDL,TG,532,0.216913486098111,0.0303035876822929,8.18545675620584e-13,0.128591980062667,0.00181017013200537,0.0039173943711051,0.00164155137834665,0.0703181188064715,1.13116497316323e-14,50345.7450252814,0,TRUE,0
SBP,BMI,181,-0.0028862850272873,0.00154784131924478,0.0622211726711418,-0.0110684479155172,0.00315128377263399,0.00275804878737361,0.0161072970104606,-0.00228293586712518,0.0194369947649118,1983.22836157061,6.99899925315367e-301,TRUE,0
SBP,CAD,424,0.0312575983739088,0.0028120787003089,1.05484439758698e-28,0.0338041325295033,2.9360322734686e-06,-0.000847075862406692,0.697797386124162,0.0298177189704025,2.8410155338967e-34,1956.04128493037,4.34437209888427e-195,TRUE,0
SBP,eGFR,175,-6.26024006629049e-05,0.000424770978021667,0.882832733867433,-0.00093816457142343,0.365388257909106,0.000293200064797188,0.354132364266269,7.08560127268809e-05,0.873670722987347,505.1195277978,5.16628487941511e-34,TRUE,0
SBP,HbA1c,399,0.000536960305193872,0.00111789363235239,0.630991197710359,-0.00353833678480181,0.224260212323773,0.00133537398139229,0.129750142220862,-0.00127017456278551,0.109392477619154,3317.66794542504,0,TRUE,1.18880399123049e-63
SBP,HDL,436,-0.00108244190276389,0.000915347915053459,0.23698874021757,0.00635859504160417,0.00581893550367938,-0.00247575396369994,0.000462505605277407,6.4185550010896e-05,0.908128767654672,5656.51559742017,0,TRUE,0
SBP,HF,424,0.0212422084955732,0.00213590393889764,2.64372432292877e-23,0.0222045241011374,4.97336994296749e-05,-0.000320145542905745,0.846770858506943,0.019403674083201,6.07505349960426e-13,841.655131582995,5.29124341797109e-30,TRUE,0
SBP,LDL,436,-0.0020284744063028,0.000988639553763823,0.0401906994403296,-0.00219052399412137,0.383859810224931,5.3922616447295e-05,0.944101538044964,-0.00337119124993694,1.36756413301588e-10,6515.84141075027,0,TRUE,0
SBP,Stroke,429,0.0327044406581742,0.00213039813689735,3.47009173243937e-53,0.0413555700240406,1.79101206704737e-13,-0.00286036513419305,0.0844861312373149,0.0344206448904844,8.07134523785399e-41,867.186364332897,4.78057235699226e-32,TRUE,0
SBP,T2D,424,0.0137675538249033,0.00230175124045839,2.21311113942759e-09,0.00421037781047427,0.469561877178247,0.00317910561176945,0.0744540003518198,0.00850282185223179,3.28080560111018e-05,1905.01995450554,2.01389817273185e-186,TRUE,0
SBP,TC,436,-0.00149918405139193,0.000872281798505637,0.0856704063133746,-0.00105958113617681,0.633009961139068,-0.000146253486528912,0.829344766405983,-0.00182136603262386,0.000677567874657418,5461.54107902103,0,TRUE,0
SBP,TG,436,0.00183022883148544,0.000976269835023609,0.0608317831859873,-0.00457164590727237,0.0636926871304798,0.00213004422545241,0.00483731830311224,-0.000865046874287732,0.118712235551868,6517.81485085583,0,TRUE,0
Stroke,BMI,11,0.0153398462799005,0.01792272117475,0.392059600461642,0.0369549804209406,0.667088031606756,-0.00117621885020536,0.795487352511414,0.0119222324297596,0.504794295281928,23.1972122549225,0.0100415816918598,TRUE,2.65918100539208e-21
Stroke,CAD,23,0.457686472199973,0.178437179269081,0.0103183958653268,-0.469379437650283,0.592049320211269,0.0502619091922815,0.284489935071897,0.280000616738025,5.13588960368615e-08,1237.28099284776,4.89251719867367e-248,FALSE,1.50439649681537e-13
Stroke,eGFR,23,-0.00229648823486351,0.00355351824128277,0.518112530288311,0.0134155587575893,0.444879220792196,-0.000859606597559331,0.361885170425608,0.000352371481704291,0.885099206948899,168.584310701581,1.39499146540543e-24,TRUE,4.14960053643705e-26
Stroke,HbA1c,22,0.0438568191331301,0.0549367666633192,0.42468798742193,0.0243395744618588,0.930782435862717,0.00105642213002715,0.943285869500845,0.0443047367827577,0.00483887308747783,660.709181181508,2.6147681413393e-126,FALSE,1.00361104612931e-49
Stroke,HDL,23,-0.0263377062366776,0.0285460633147027,0.356195457141078,0.00154763827355134,0.991564660915687,-0.00150778179715303,0.845859176884369,-0.000966264914816137,0.935519229036667,414.773079744471,3.65229191636192e-74,TRUE,1.60881213667738e-13
Stroke,HF,23,0.300670223921952,0.0755302990829793,6.86867460770546e-05,0.222610741096908,0.574781511116074,0.00419646232639552,0.840418876314637,0.199441287690141,0.000378688170340611,233.173564130366,3.25316026250296e-37,TRUE,1.16592757243322e-22
Stroke,LDL,23,0.145551259887842,0.150679699133996,0.334061879881772,0.403602102561358,0.60215397347703,-0.0139522583551042,0.73314590782235,-0.00486806453327107,0.685633935597002,11420.8492720304,0,FALSE,4.07164262023176e-38
Stroke,SBP,23,1.91753445107318,0.994881538763664,0.0539298280131062,-5.78692428683493,0.238164550681967,0.416090941449047,0.113788022631267,-0.727682873800427,0.0350245429331663,1057.67669380561,1.0236825036146e-209,FALSE,5.63918562852782e-18
Stroke,T2D,18,0.23235806353537,0.0772678156652818,0.00263685445909705,0.03689061711981,0.924851660588288,0.0105659914420312,0.611031758268793,0.156956180550394,0.0176877485279788,59.930699311117,1.07894109110848e-06,TRUE,6.24318923685306e-16
Stroke,TC,23,0.124579710478582,0.133706610534791,0.351471244829769,0.384160598336657,0.575946800500655,-0.0140332881316129,0.699030382753224,0.00762560708897169,0.540861892194637,9678.80840652572,0,FALSE,4.46765118340752e-40
Stroke,TG,23,0.0101515541139684,0.019110598735172,0.595280045563278,0.0762313590826753,0.435400342205303,-0.00357224229174947,0.489315988912333,0.0165407701718601,0.19217028066458,188.375054047615,2.10473092608027e-28,TRUE,1.82153356172098e-35
T2D,BMI,103,0.00971636973261611,0.0176736744181817,0.582480485470689,-0.0729227205627528,0.0584380588263695,0.00689157226110328,0.016721486308625,-0.0496639750573863,1.69156489880879e-21,5046.69537337926,0,TRUE,1.21508380794075e-127
T2D,CAD,115,0.147416877014699,0.0261044489885635,1.63088149907883e-08,0.09436492496584,0.133751175509445,0.00420590626013395,0.351937760670098,0.131326971263022,1.04720137522101e-09,703.238197455733,1.25031223468579e-85,TRUE,0
T2D,eGFR,96,-0.000968238303678631,0.00235662982904259,0.681177256747838,-0.00142780166428358,0.779601379594344,3.88895788679524e-05,0.918918106160206,-0.00311727537795312,0.204546268637955,275.143864362467,1.97804368858554e-19,TRUE,0
T2D,HbA1c,110,0.279312389209003,0.0147587936486485,7.07872000200452e-80,0.271153031882064,1.18405328166658e-12,0.000665689641052953,0.787939821387835,0.239894333751165,6.72781375231983e-191,2638.91040042139,0,FALSE,0
T2D,HDL,116,-0.0713623125810016,0.0170076297630224,2.71790233550061e-05,0.0193197909869676,0.610963349747816,-0.00736439887979512,0.00886959206008149,-0.0102396099342553,0.0158612836282937,8176.96567240305,0,TRUE,1.61847080951857e-219
T2D,HF,115,0.0580408857221511,0.0165181865447776,0.000441817581501375,0.0609956992091765,0.127409480565101,-0.000234128442353656,0.934888205539298,0.0513255161489177,0.0322446564608519,209.898933927692,1.16411104620855e-07,TRUE,0
T2D,LDL,116,0.00110745506418276,0.0107069465767651,0.917619065997893,-0.00380358191129794,0.877262204360825,0.000398778800538388,0.824509488516008,0.0093654242358418,0.0368075662301757,3202.15144609564,0,TRUE,0
T2D,SBP,116,0.755193908281537,0.135148292509026,2.29844014549497e-08,0.651107068153695,0.0380356202913712,0.00842322857657381,0.709772373662239,0.647393297276525,8.85638621753486e-13,1080.31634200256,1.31445250784431e-156,TRUE,0
T2D,Stroke,115,0.0934834539707578,0.0149725518323834,4.27461224618741e-10,0.0920570181602614,0.0102081502014501,0.000113294003558111,0.964374602565104,0.098793836667213,3.97321724477023e-06,176.190651711111,0.000167725610179655,TRUE,0
T2D,TC,116,-0.00297509816987013,0.0134140790917827,0.82447796987234,0.0063706440764024,0.83637251877675,-0.000758799170467305,0.736187947597447,0.0148445271198293,0.000436898572736666,5407.55400873414,0,TRUE,0
T2D,TG,116,0.0675134813830686,0.023953559958262,0.00482462730275008,0.00944000967299011,0.863154203085424,0.00471582504810702,0.239706011034766,0.0371773843228157,4.22878522281536e-14,16436.9178557187,0,TRUE,2.41096066870402e-139
TC,BMI,145,-0.0230936983218813,0.0248503612587187,0.352728264533669,-0.00876518050613971,0.822196648801769,-0.000436585785130446,0.632693286498538,-0.0165446412829317,0.203135675335015,1685.81312087217,5.87721493488087e-261,TRUE,0
TC,CAD,507,0.344916991022361,0.027723961714625,1.5630696869045e-35,0.412369247441965,9.34846694704941e-27,-0.00323231617777855,0.00460529664496383,0.284722036335087,7.11594075308579e-17,1904.11089612997,9.39949066413715e-161,TRUE,0
TC,eGFR,146,0.004699537794863,0.00672781257079563,0.484849624075581,0.00441473533735572,0.689482735505066,7.58871177918967e-06,0.973986069751534,-0.00316037110914714,0.656236955924136,393.043045726541,9.27952609770751e-25,TRUE,0
TC,HbA1c,427,0.0898756293670866,0.0323390321742632,0.00544981963750004,-0.011652850720608,0.804029593634485,0.00367242504404339,0.00323635120915203,-0.00900710941745177,0.470494355132613,17288.2000835658,0,FALSE,1.86071986984284e-06
TC,HDL,565,0.215228072779266,0.0347328216828933,5.76677200781669e-10,0.133424481449455,0.00796444697482342,0.00306265502712336,0.0243281770089107,-0.0512682906865873,1.91046647328805e-07,66852.5418665908,0,TRUE,0
TC,HF,507,0.0395642844757098,0.0209479989302772,0.0589333257493501,0.065908067860468,0.0175211668181077,-0.00125634855724492,0.145681749577974,0.0154256998898208,0.638439518258597,806.20794772855,4.07513648095899e-16,TRUE,0
TC,LDL,563,0.93441651189769,0.0138883832703703,0,0.975911899810459,2.57078486653179e-204,-0.00155797432763304,0.00420024298466922,0.90468534169296,0,10509.4561186683,0,TRUE,4.99446995188672e-10
TC,SBP,397,0.22976220795734,0.22439255914918,0.305868476236508,0.358632736705908,0.29281072543673,-0.00431518476698318,0.614772282605423,0.459376957294826,0.00663386265277203,3418.09266435564,0,TRUE,0
TC,Stroke,400,0.0387324863844193,0.0276550396316101,0.161346294496354,0.0532831937361139,0.214527679739096,-0.000461626510692964,0.656779788323201,0.0930620516529719,0.016142242022257,679.940989102205,5.94619662100381e-17,TRUE,0
TC,T2D,507,0.0357516738232399,0.025052899660702,0.153566249690241,0.00298849440230692,0.927802901402685,0.00157731293304081,0.127542654162917,0.0225382697880312,0.392111257038566,2272.63106532413,1.94204669427518e-221,TRUE,0
TC,TG,563,0.318252159275777,0.0268404915277589,1.97549270318277e-32,0.314457665394081,3.82392670046924e-15,0.000142357935605847,0.892709789443185,0.122236522185273,1.30569115644228e-26,40251.9037887428,0,TRUE,0
TG,BMI,157,0.0680474832403082,0.0424312665790152,0.108777799802567,-0.272279123487931,0.000587817792917116,0.00702305821266463,1.01455426119324e-06,-0.0678404197364046,0.000180991709860423,3681.6470594171,0,TRUE,6.92201092387618e-242
TG,CAD,486,0.351902029384489,0.0325484315864886,3.03189798759841e-27,0.279459876799127,3.473358668578e-09,0.00240095506460531,0.029762158464915,0.342640743266486,5.60325135601529e-21,1622.64883632349,1.5375468194779e-122,TRUE,0
TG,eGFR,159,0.00185683996885733,0.00794827929894873,0.815283617847583,-0.00241068617838437,0.879526612282356,8.42799822890012e-05,0.756407658392742,0.00161663542924775,0.860733627902503,463.070747922037,1.02002062802904e-31,TRUE,0
TG,HbA1c,428,0.102286936976087,0.0250734812484998,4.51352232849379e-05,-0.0882026579484781,0.00900222865724655,0.00620846876161059,2.28343774325593e-14,-0.0280145805792448,0.0428637500467102,9593.80352823839,0,FALSE,2.43117185000851e-48
TG,HDL,531,-0.597900860497658,0.0352505544286334,1.58360839540405e-64,-0.577524325037724,1.88280281288936e-27,-0.000669378692892668,0.569249448004395,-0.491231644931643,0,54590.9697222457,0,TRUE,4.02678569307833e-196
TG,HF,486,0.0653891087065479,0.0270628692436452,0.015683756087808,0.0291904070300455,0.451238903037409,0.00120033766249868,0.191986304030263,0.065093216067378,0.0747526418597107,837.223301905584,3.5805524498795e-21,TRUE,0
TG,LDL,531,0.276836978386402,0.0254918250102212,1.79075167474753e-27,0.262813522249804,1.69300900473759e-12,0.000460462580640418,0.588315092983888,0.220890196258878,4.09537688921545e-98,28201.8491217137,0,TRUE,0
TG,SBP,416,1.75137508160823,0.277812119740021,2.89740652392324e-10,0.937783313550492,0.0310392460674709,0.0217912279572123,0.015265321146591,1.01383187715769,9.77547167974095e-08,4183.13437456605,0,TRUE,0
TG,Stroke,419,0.12094141987386,0.0284339452702663,2.10533204066844e-05,0.036719726216837,0.411232419463209,0.00225452184090715,0.0152027282027931,0.0365150088239226,0.408279809867882,622.630704121331,2.9651180456023e-10,TRUE,0
TG,T2D,486,0.424758094195544,0.0500943235820966,2.26813530842167e-17,-0.0362179257901746,0.58119305411073,0.0152635233338018,7.56608313118399e-21,0.0992792550155255,0.00787664246905136,5583.50092727591,0,TRUE,0
TG,TC,531,0.347041077507405,0.0264730530693773,2.91581667067199e-39,0.341892007553243,2.57246754088236e-18,0.000169096537140385,0.848186915869432,0.250252497496859,1.34436682211116e-88,32736.7772248691,0,TRUE,0
