"exposure","outcome","cross","direction","nsnp","prev_exp","prev_out","at_base","r2_exp","r2_out","correct_dir"
"BMI","CAD","True","forward",504,NA,0.03,FALSE,0.0491580692271082,0.00435894914589802,TRUE
"BMI","CAD","True","forward",504,NA,0.045,FALSE,0.0491580692271082,0.00435927827360537,TRUE
"BMI","CAD","True","forward",504,NA,0.06,TRUE,0.0491580692271082,0.00435960705265777,TRUE
"BMI","CAD","True","forward",504,NA,0.08,FALSE,0.0491580692271082,0.00436004488237602,TRUE
"BMI","CAD","True","forward",504,NA,0.1,FALSE,0.0491580692271082,0.00436048209226449,TRUE
"BMI","HF","True","forward",501,NA,0.01,FALSE,0.0490230108459984,0.00376980297747106,TRUE
"BMI","HF","True","forward",501,NA,0.015,FALSE,0.0490230108459984,0.00376983370043135,TRUE
"BMI","HF","True","forward",501,NA,0.02,TRUE,0.0490230108459984,0.00376986441111674,TRUE
"BMI","HF","True","forward",501,NA,0.035,FALSE,0.0490230108459984,0.00376995646952358,TRUE
"BMI","HF","True","forward",501,NA,0.05,FALSE,0.0490230108459984,0.00377004841745639,TRUE
"BMI","Stroke","True","forward",504,NA,0.02,FALSE,0.0492064184957604,0.00265722938481564,TRUE
"BMI","Stroke","True","forward",504,NA,0.035,FALSE,0.0492064184957604,0.00265725193732606,TRUE
"BMI","Stroke","True","forward",504,NA,0.05,TRUE,0.0492064184957604,0.00265727438819963,TRUE
"BMI","Stroke","True","forward",504,NA,0.065,FALSE,0.0492064184957604,0.00265729673743636,TRUE
"BMI","Stroke","True","forward",504,NA,0.08,FALSE,0.0492064184957604,0.00265731898503626,TRUE
"BMI","T2D","True","forward",463,NA,0.05,FALSE,0.0446864885480232,0.0193705384066781,TRUE
"BMI","T2D","True","forward",463,NA,0.075,FALSE,0.0446864885480232,0.0193910219147195,TRUE
"BMI","T2D","True","forward",463,NA,0.1,TRUE,0.0446864885480232,0.0194113447662975,TRUE
"BMI","T2D","True","forward",463,NA,0.125,FALSE,0.0446864885480232,0.019431506979536,TRUE
"BMI","T2D","True","forward",463,NA,0.15,FALSE,0.0446864885480232,0.0194515085724129,TRUE
"CAD","HF","False","intra",171,0.03,0.01,FALSE,0.0258223996628399,0.00275271834931394,TRUE
"CAD","HF","False","intra",171,0.03,0.015,FALSE,0.0258223996628399,0.00275290062312927,TRUE
"CAD","HF","False","intra",171,0.03,0.02,FALSE,0.0258223996628399,0.00275308287352114,TRUE
"CAD","HF","False","intra",171,0.03,0.035,FALSE,0.0258223996628399,0.00275362948415608,TRUE
"CAD","HF","False","intra",171,0.03,0.05,FALSE,0.0258223996628399,0.00275417588398007,TRUE
"CAD","HF","False","intra",171,0.045,0.01,FALSE,0.0258393711449811,0.00275271834931394,TRUE
"CAD","HF","False","intra",171,0.045,0.015,FALSE,0.0258393711449811,0.00275290062312927,TRUE
"CAD","HF","False","intra",171,0.045,0.02,FALSE,0.0258393711449811,0.00275308287352114,TRUE
"CAD","HF","False","intra",171,0.045,0.035,FALSE,0.0258393711449811,0.00275362948415608,TRUE
"CAD","HF","False","intra",171,0.045,0.05,FALSE,0.0258393711449811,0.00275417588398007,TRUE
"CAD","HF","False","intra",171,0.06,0.01,FALSE,0.0258563198595983,0.00275271834931394,TRUE
"CAD","HF","False","intra",171,0.06,0.015,FALSE,0.0258563198595983,0.00275290062312927,TRUE
"CAD","HF","False","intra",171,0.06,0.02,TRUE,0.0258563198595983,0.00275308287352114,TRUE
"CAD","HF","False","intra",171,0.06,0.035,FALSE,0.0258563198595983,0.00275362948415608,TRUE
"CAD","HF","False","intra",171,0.06,0.05,FALSE,0.0258563198595983,0.00275417588398007,TRUE
"CAD","HF","False","intra",171,0.08,0.01,FALSE,0.0258788827303419,0.00275271834931394,TRUE
"CAD","HF","False","intra",171,0.08,0.015,FALSE,0.0258788827303419,0.00275290062312927,TRUE
"CAD","HF","False","intra",171,0.08,0.02,FALSE,0.0258788827303419,0.00275308287352114,TRUE
"CAD","HF","False","intra",171,0.08,0.035,FALSE,0.0258788827303419,0.00275362948415608,TRUE
"CAD","HF","False","intra",171,0.08,0.05,FALSE,0.0258788827303419,0.00275417588398007,TRUE
"CAD","HF","False","intra",171,0.1,0.01,FALSE,0.0259014051272515,0.00275271834931394,TRUE
"CAD","HF","False","intra",171,0.1,0.015,FALSE,0.0259014051272515,0.00275290062312927,TRUE
"CAD","HF","False","intra",171,0.1,0.02,FALSE,0.0259014051272515,0.00275308287352114,TRUE
"CAD","HF","False","intra",171,0.1,0.035,FALSE,0.0259014051272515,0.00275362948415608,TRUE
"CAD","HF","False","intra",171,0.1,0.05,FALSE,0.0259014051272515,0.00275417588398007,TRUE
"CAD","SBP","True","backward",167,0.03,NA,FALSE,0.0253047862872112,0.00836646225259637,TRUE
"CAD","SBP","True","backward",167,0.045,NA,FALSE,0.0253215830793679,0.00836646225259637,TRUE
"CAD","SBP","True","backward",167,0.06,NA,TRUE,0.0253383572062539,0.00836646225259637,TRUE
"CAD","SBP","True","backward",167,0.08,NA,FALSE,0.0253606874524168,0.00836646225259637,TRUE
"CAD","SBP","True","backward",167,0.1,NA,FALSE,0.0253829774065295,0.00836646225259637,TRUE
"CAD","Stroke","False","intra",168,0.03,0.02,FALSE,0.0254142702743388,0.0024666496792706,TRUE
"CAD","Stroke","False","intra",168,0.03,0.035,FALSE,0.0254142702743388,0.00246662214476022,TRUE
"CAD","Stroke","False","intra",168,0.03,0.05,FALSE,0.0254142702743388,0.0024665943768812,TRUE
"CAD","Stroke","False","intra",168,0.03,0.065,FALSE,0.0254142702743388,0.00246656637563355,TRUE
"CAD","Stroke","False","intra",168,0.03,0.08,FALSE,0.0254142702743388,0.00246653814101725,TRUE
"CAD","Stroke","False","intra",168,0.045,0.02,FALSE,0.0254312375699779,0.0024666496792706,TRUE
"CAD","Stroke","False","intra",168,0.045,0.035,FALSE,0.0254312375699779,0.00246662214476022,TRUE
"CAD","Stroke","False","intra",168,0.045,0.05,FALSE,0.0254312375699779,0.0024665943768812,TRUE
"CAD","Stroke","False","intra",168,0.045,0.065,FALSE,0.0254312375699779,0.00246656637563355,TRUE
"CAD","Stroke","False","intra",168,0.045,0.08,FALSE,0.0254312375699779,0.00246653814101725,TRUE
"CAD","Stroke","False","intra",168,0.06,0.02,FALSE,0.0254481821808042,0.0024666496792706,TRUE
"CAD","Stroke","False","intra",168,0.06,0.035,FALSE,0.0254481821808042,0.00246662214476022,TRUE
"CAD","Stroke","False","intra",168,0.06,0.05,TRUE,0.0254481821808042,0.0024665943768812,TRUE
"CAD","Stroke","False","intra",168,0.06,0.065,FALSE,0.0254481821808042,0.00246656637563355,TRUE
"CAD","Stroke","False","intra",168,0.06,0.08,FALSE,0.0254481821808042,0.00246653814101725,TRUE
"CAD","Stroke","False","intra",168,0.08,0.02,FALSE,0.0254707397084888,0.0024666496792706,TRUE
"CAD","Stroke","False","intra",168,0.08,0.035,FALSE,0.0254707397084888,0.00246662214476022,TRUE
"CAD","Stroke","False","intra",168,0.08,0.05,FALSE,0.0254707397084888,0.0024665943768812,TRUE
"CAD","Stroke","False","intra",168,0.08,0.065,FALSE,0.0254707397084888,0.00246656637563355,TRUE
"CAD","Stroke","False","intra",168,0.08,0.08,FALSE,0.0254707397084888,0.00246653814101725,TRUE
"CAD","Stroke","False","intra",168,0.1,0.02,FALSE,0.0254932569093818,0.0024666496792706,TRUE
"CAD","Stroke","False","intra",168,0.1,0.035,FALSE,0.0254932569093818,0.00246662214476022,TRUE
"CAD","Stroke","False","intra",168,0.1,0.05,FALSE,0.0254932569093818,0.0024665943768812,TRUE
"CAD","Stroke","False","intra",168,0.1,0.065,FALSE,0.0254932569093818,0.00246656637563355,TRUE
"CAD","Stroke","False","intra",168,0.1,0.08,FALSE,0.0254932569093818,0.00246653814101725,TRUE
"CAD","T2D","True","backward",128,0.03,0.05,FALSE,0.0191523796500032,0.00347167166529807,TRUE
"CAD","T2D","True","backward",128,0.03,0.075,FALSE,0.0191523796500032,0.0034716469320475,TRUE
"CAD","T2D","True","backward",128,0.03,0.1,FALSE,0.0191523796500032,0.0034716201791139,TRUE
"CAD","T2D","True","backward",128,0.03,0.125,FALSE,0.0191523796500032,0.00347159140649569,TRUE
"CAD","T2D","True","backward",128,0.03,0.15,FALSE,0.0191523796500032,0.00347156061419133,TRUE
"CAD","T2D","True","backward",128,0.045,0.05,FALSE,0.0191612389029104,0.00347167166529807,TRUE
"CAD","T2D","True","backward",128,0.045,0.075,FALSE,0.0191612389029104,0.0034716469320475,TRUE
"CAD","T2D","True","backward",128,0.045,0.1,FALSE,0.0191612389029104,0.0034716201791139,TRUE
"CAD","T2D","True","backward",128,0.045,0.125,FALSE,0.0191612389029104,0.00347159140649569,TRUE
"CAD","T2D","True","backward",128,0.045,0.15,FALSE,0.0191612389029104,0.00347156061419133,TRUE
"CAD","T2D","True","backward",128,0.06,0.05,FALSE,0.0191700798073674,0.00347167166529807,TRUE
"CAD","T2D","True","backward",128,0.06,0.075,FALSE,0.0191700798073674,0.0034716469320475,TRUE
"CAD","T2D","True","backward",128,0.06,0.1,TRUE,0.0191700798073674,0.0034716201791139,TRUE
"CAD","T2D","True","backward",128,0.06,0.125,FALSE,0.0191700798073674,0.00347159140649569,TRUE
"CAD","T2D","True","backward",128,0.06,0.15,FALSE,0.0191700798073674,0.00347156061419133,TRUE
"CAD","T2D","True","backward",128,0.08,0.05,FALSE,0.0191818391384166,0.00347167166529807,TRUE
"CAD","T2D","True","backward",128,0.08,0.075,FALSE,0.0191818391384166,0.0034716469320475,TRUE
"CAD","T2D","True","backward",128,0.08,0.1,FALSE,0.0191818391384166,0.0034716201791139,TRUE
"CAD","T2D","True","backward",128,0.08,0.125,FALSE,0.0191818391384166,0.00347159140649569,TRUE
"CAD","T2D","True","backward",128,0.08,0.15,FALSE,0.0191818391384166,0.00347156061419133,TRUE
"CAD","T2D","True","backward",128,0.1,0.05,FALSE,0.0191935658511335,0.00347167166529807,TRUE
"CAD","T2D","True","backward",128,0.1,0.075,FALSE,0.0191935658511335,0.0034716469320475,TRUE
"CAD","T2D","True","backward",128,0.1,0.1,FALSE,0.0191935658511335,0.0034716201791139,TRUE
"CAD","T2D","True","backward",128,0.1,0.125,FALSE,0.0191935658511335,0.00347159140649569,TRUE
"CAD","T2D","True","backward",128,0.1,0.15,FALSE,0.0191935658511335,0.00347156061419133,TRUE
"HbA1c","CAD","True","forward",336,NA,0.03,FALSE,0.284237778745515,0.00332864439216612,TRUE
"HbA1c","CAD","True","forward",336,NA,0.045,FALSE,0.284237778745515,0.00332880906408777,TRUE
"HbA1c","CAD","True","forward",336,NA,0.06,TRUE,0.284237778745515,0.00332897345100379,TRUE
"HbA1c","CAD","True","forward",336,NA,0.08,FALSE,0.284237778745515,0.00332919219021642,TRUE
"HbA1c","CAD","True","forward",336,NA,0.1,FALSE,0.284237778745515,0.00332941042275247,TRUE
"HbA1c","Stroke","True","forward",289,NA,0.02,FALSE,0.24645458495622,0.00182165788306876,TRUE
"HbA1c","Stroke","True","forward",289,NA,0.035,FALSE,0.24645458495622,0.00182182322602882,TRUE
"HbA1c","Stroke","True","forward",289,NA,0.05,TRUE,0.24645458495622,0.00182198845192277,TRUE
"HbA1c","Stroke","True","forward",289,NA,0.065,FALSE,0.24645458495622,0.00182215356075066,TRUE
"HbA1c","Stroke","True","forward",289,NA,0.08,FALSE,0.24645458495622,0.0018223185525125,TRUE
"HbA1c","T2D","False","intra",198,NA,0.05,FALSE,0.166195421246669,0.022685535381152,TRUE
"HbA1c","T2D","False","intra",198,NA,0.075,FALSE,0.166195421246669,0.0226997167700734,TRUE
"HbA1c","T2D","False","intra",198,NA,0.1,TRUE,0.166195421246669,0.022713714713258,TRUE
"HbA1c","T2D","False","intra",198,NA,0.125,FALSE,0.166195421246669,0.0227275292287487,TRUE
"HbA1c","T2D","False","intra",198,NA,0.15,FALSE,0.166195421246669,0.0227411603344415,TRUE
"HDL","CAD","True","forward",557,NA,0.03,FALSE,0.0655245368237331,0.0076460502077804,TRUE
"HDL","CAD","True","forward",557,NA,0.045,FALSE,0.0655245368237331,0.00764836325093583,TRUE
"HDL","CAD","True","forward",557,NA,0.06,TRUE,0.0655245368237331,0.00765067524185519,TRUE
"HDL","CAD","True","forward",557,NA,0.08,FALSE,0.0655245368237331,0.00765375625960288,TRUE
"HDL","CAD","True","forward",557,NA,0.1,FALSE,0.0655245368237331,0.00765683540670919,TRUE
"HDL","HF","True","forward",476,NA,0.01,FALSE,0.0576556341275001,0.00300755903302651,TRUE
"HDL","HF","True","forward",476,NA,0.015,FALSE,0.0576556341275001,0.00300757827282594,TRUE
"HDL","HF","True","forward",476,NA,0.02,TRUE,0.0576556341275001,0.00300759750139928,TRUE
"HDL","HF","True","forward",476,NA,0.035,FALSE,0.0576556341275001,0.00300765511976274,TRUE
"HDL","HF","True","forward",476,NA,0.05,FALSE,0.0576556341275001,0.00300771263709137,TRUE
"HDL","Stroke","True","forward",448,NA,0.02,FALSE,0.0562655810442661,0.00278463955641402,TRUE
"HDL","Stroke","True","forward",448,NA,0.035,FALSE,0.0562655810442661,0.00278471009357214,TRUE
"HDL","Stroke","True","forward",448,NA,0.05,TRUE,0.0562655810442661,0.00278478051822535,TRUE
"HDL","Stroke","True","forward",448,NA,0.065,FALSE,0.0562655810442661,0.00278485083037366,TRUE
"HDL","Stroke","True","forward",448,NA,0.08,FALSE,0.0562655810442661,0.00278492103001706,TRUE
"HDL","T2D","False","intra",306,NA,0.05,FALSE,0.0342415335368178,0.0100347793174176,TRUE
"HDL","T2D","False","intra",306,NA,0.075,FALSE,0.0342415335368178,0.0100352678605626,TRUE
"HDL","T2D","False","intra",306,NA,0.1,TRUE,0.0342415335368178,0.0100357505210236,TRUE
"HDL","T2D","False","intra",306,NA,0.125,FALSE,0.0342415335368178,0.010036227298795,TRUE
"HDL","T2D","False","intra",306,NA,0.15,FALSE,0.0342415335368178,0.0100366981938711,TRUE
"HF","Stroke","False","intra",45,0.01,0.02,FALSE,0.00379900545604869,0.00117858102450146,TRUE
"HF","Stroke","False","intra",45,0.01,0.035,FALSE,0.00379900545604869,0.00117883652720242,TRUE
"HF","Stroke","False","intra",45,0.01,0.05,FALSE,0.00379900545604869,0.00117909183199207,TRUE
"HF","Stroke","False","intra",45,0.01,0.065,FALSE,0.00379900545604869,0.00117934693887048,TRUE
"HF","Stroke","False","intra",45,0.01,0.08,FALSE,0.00379900545604869,0.00117960184783774,TRUE
"HF","Stroke","False","intra",45,0.015,0.02,FALSE,0.00379925505321519,0.00117858102450146,TRUE
"HF","Stroke","False","intra",45,0.015,0.035,FALSE,0.00379925505321519,0.00117883652720242,TRUE
"HF","Stroke","False","intra",45,0.015,0.05,FALSE,0.00379925505321519,0.00117909183199207,TRUE
"HF","Stroke","False","intra",45,0.015,0.065,FALSE,0.00379925505321519,0.00117934693887048,TRUE
"HF","Stroke","False","intra",45,0.015,0.08,FALSE,0.00379925505321519,0.00117960184783774,TRUE
"HF","Stroke","False","intra",45,0.02,0.02,FALSE,0.00379950458517811,0.00117858102450146,TRUE
"HF","Stroke","False","intra",45,0.02,0.035,FALSE,0.00379950458517811,0.00117883652720242,TRUE
"HF","Stroke","False","intra",45,0.02,0.05,TRUE,0.00379950458517811,0.00117909183199207,TRUE
"HF","Stroke","False","intra",45,0.02,0.065,FALSE,0.00379950458517811,0.00117934693887048,TRUE
"HF","Stroke","False","intra",45,0.02,0.08,FALSE,0.00379950458517811,0.00117960184783774,TRUE
"HF","Stroke","False","intra",45,0.035,0.02,FALSE,0.00380025278984551,0.00117858102450146,TRUE
"HF","Stroke","False","intra",45,0.035,0.035,FALSE,0.00380025278984551,0.00117883652720242,TRUE
"HF","Stroke","False","intra",45,0.035,0.05,FALSE,0.00380025278984551,0.00117909183199207,TRUE
"HF","Stroke","False","intra",45,0.035,0.065,FALSE,0.00380025278984551,0.00117934693887048,TRUE
"HF","Stroke","False","intra",45,0.035,0.08,FALSE,0.00380025278984551,0.00117960184783774,TRUE
"HF","Stroke","False","intra",45,0.05,0.02,FALSE,0.00380100040768091,0.00117858102450146,TRUE
"HF","Stroke","False","intra",45,0.05,0.035,FALSE,0.00380100040768091,0.00117883652720242,TRUE
"HF","Stroke","False","intra",45,0.05,0.05,FALSE,0.00380100040768091,0.00117909183199207,TRUE
"HF","Stroke","False","intra",45,0.05,0.065,FALSE,0.00380100040768091,0.00117934693887048,TRUE
"HF","Stroke","False","intra",45,0.05,0.08,FALSE,0.00380100040768091,0.00117960184783774,TRUE
"LDL","CAD","True","forward",483,NA,0.03,FALSE,0.0644294903405425,0.0123193009134448,TRUE
"LDL","CAD","True","forward",483,NA,0.045,FALSE,0.0644294903405425,0.0123389679190442,TRUE
"LDL","CAD","True","forward",483,NA,0.06,TRUE,0.0644294903405425,0.0123586244136946,TRUE
"LDL","CAD","True","forward",483,NA,0.08,FALSE,0.0644294903405425,0.0123848167235665,TRUE
"LDL","CAD","True","forward",483,NA,0.1,FALSE,0.0644294903405425,0.0124109903489935,TRUE
"LDL","HF","True","forward",379,NA,0.01,FALSE,0.0508759066067964,0.00229370601356632,TRUE
"LDL","HF","True","forward",379,NA,0.015,FALSE,0.0508759066067964,0.00229383950699773,TRUE
"LDL","HF","True","forward",379,NA,0.02,TRUE,0.0508759066067964,0.00229397298508465,TRUE
"LDL","HF","True","forward",379,NA,0.035,FALSE,0.0508759066067964,0.00229437332727841,TRUE
"LDL","HF","True","forward",379,NA,0.05,FALSE,0.0508759066067964,0.00229477353137177,TRUE
"SBP","CAD","True","forward",436,NA,0.03,FALSE,0.0430723873257276,0.00838897080658487,TRUE
"SBP","CAD","True","forward",436,NA,0.045,FALSE,0.0430723873257276,0.00838991055195125,TRUE
"SBP","CAD","True","forward",436,NA,0.06,TRUE,0.0430723873257276,0.00839084804967621,TRUE
"SBP","CAD","True","forward",436,NA,0.08,FALSE,0.0430723873257276,0.00839209455031657,TRUE
"SBP","CAD","True","forward",436,NA,0.1,FALSE,0.0430723873257276,0.00839333705516156,TRUE
"SBP","HF","True","forward",431,NA,0.01,FALSE,0.0424864521369981,0.00329495021568085,TRUE
"SBP","HF","True","forward",431,NA,0.015,FALSE,0.0424864521369981,0.00329493114328296,TRUE
"SBP","HF","True","forward",431,NA,0.02,TRUE,0.0424864521369981,0.00329491205490581,TRUE
"SBP","HF","True","forward",431,NA,0.035,FALSE,0.0424864521369981,0.00329485469389869,TRUE
"SBP","HF","True","forward",431,NA,0.05,FALSE,0.0424864521369981,0.00329479718907808,TRUE
"SBP","Stroke","True","forward",434,NA,0.02,FALSE,0.0427139075815267,0.00484222011691441,TRUE
"SBP","Stroke","True","forward",434,NA,0.035,FALSE,0.0427139075815267,0.00484224860979939,TRUE
"SBP","Stroke","True","forward",434,NA,0.05,TRUE,0.0427139075815267,0.00484227684742661,TRUE
"SBP","Stroke","True","forward",434,NA,0.065,FALSE,0.0427139075815267,0.00484230482979609,TRUE
"SBP","Stroke","True","forward",434,NA,0.08,FALSE,0.0427139075815267,0.00484233255690782,TRUE
"SBP","T2D","False","intra",334,NA,0.05,FALSE,0.0339710518331694,0.00606892202154696,TRUE
"SBP","T2D","False","intra",334,NA,0.075,FALSE,0.0339710518331694,0.00607037416492994,TRUE
"SBP","T2D","False","intra",334,NA,0.1,TRUE,0.0339710518331694,0.0060718202411809,TRUE
"SBP","T2D","False","intra",334,NA,0.125,FALSE,0.0339710518331694,0.00607326025034044,TRUE
"SBP","T2D","False","intra",334,NA,0.15,FALSE,0.0339710518331694,0.00607469419244903,TRUE
"Stroke","HF","False","intra",23,0.02,0.01,FALSE,0.00347150097921718,0.000741953179708276,TRUE
"Stroke","HF","False","intra",23,0.02,0.015,FALSE,0.00347150097921718,0.000742007468343309,TRUE
"Stroke","HF","False","intra",23,0.02,0.02,FALSE,0.00347150097921718,0.000742061746320554,TRUE
"Stroke","HF","False","intra",23,0.02,0.035,FALSE,0.00347150097921718,0.000742224516305578,TRUE
"Stroke","HF","False","intra",23,0.02,0.05,FALSE,0.00347150097921718,0.000742387190370558,TRUE
"Stroke","HF","False","intra",23,0.035,0.01,FALSE,0.00347192090883098,0.000741953179708276,TRUE
"Stroke","HF","False","intra",23,0.035,0.015,FALSE,0.00347192090883098,0.000742007468343309,TRUE
"Stroke","HF","False","intra",23,0.035,0.02,FALSE,0.00347192090883098,0.000742061746320554,TRUE
"Stroke","HF","False","intra",23,0.035,0.035,FALSE,0.00347192090883098,0.000742224516305578,TRUE
"Stroke","HF","False","intra",23,0.035,0.05,FALSE,0.00347192090883098,0.000742387190370558,TRUE
"Stroke","HF","False","intra",23,0.05,0.01,FALSE,0.00347233998759522,0.000741953179708276,TRUE
"Stroke","HF","False","intra",23,0.05,0.015,FALSE,0.00347233998759522,0.000742007468343309,TRUE
"Stroke","HF","False","intra",23,0.05,0.02,TRUE,0.00347233998759522,0.000742061746320554,TRUE
"Stroke","HF","False","intra",23,0.05,0.035,FALSE,0.00347233998759522,0.000742224516305578,TRUE
"Stroke","HF","False","intra",23,0.05,0.05,FALSE,0.00347233998759522,0.000742387190370558,TRUE
"Stroke","HF","False","intra",23,0.065,0.01,FALSE,0.00347275821551015,0.000741953179708276,TRUE
"Stroke","HF","False","intra",23,0.065,0.015,FALSE,0.00347275821551015,0.000742007468343309,TRUE
"Stroke","HF","False","intra",23,0.065,0.02,FALSE,0.00347275821551015,0.000742061746320554,TRUE
"Stroke","HF","False","intra",23,0.065,0.035,FALSE,0.00347275821551015,0.000742224516305578,TRUE
"Stroke","HF","False","intra",23,0.065,0.05,FALSE,0.00347275821551015,0.000742387190370558,TRUE
"Stroke","HF","False","intra",23,0.08,0.01,FALSE,0.003473175592576,0.000741953179708276,TRUE
"Stroke","HF","False","intra",23,0.08,0.015,FALSE,0.003473175592576,0.000742007468343309,TRUE
"Stroke","HF","False","intra",23,0.08,0.02,FALSE,0.003473175592576,0.000742061746320554,TRUE
"Stroke","HF","False","intra",23,0.08,0.035,FALSE,0.003473175592576,0.000742224516305578,TRUE
"Stroke","HF","False","intra",23,0.08,0.05,FALSE,0.003473175592576,0.000742387190370558,TRUE
"T2D","CAD","True","forward",116,0.05,0.03,FALSE,0.0356957136605951,0.00282071862609828,TRUE
"T2D","CAD","True","forward",116,0.05,0.045,FALSE,0.0356957136605951,0.00282024225020263,TRUE
"T2D","CAD","True","forward",116,0.05,0.06,FALSE,0.0356957136605951,0.00281976403291191,TRUE
"T2D","CAD","True","forward",116,0.05,0.08,FALSE,0.0356957136605951,0.0028191235454582,TRUE
"T2D","CAD","True","forward",116,0.05,0.1,FALSE,0.0356957136605951,0.00281847978439617,TRUE
"T2D","CAD","True","forward",116,0.075,0.03,FALSE,0.0357097197885708,0.00282071862609828,TRUE
"T2D","CAD","True","forward",116,0.075,0.045,FALSE,0.0357097197885708,0.00282024225020263,TRUE
"T2D","CAD","True","forward",116,0.075,0.06,FALSE,0.0357097197885708,0.00281976403291191,TRUE
"T2D","CAD","True","forward",116,0.075,0.08,FALSE,0.0357097197885708,0.0028191235454582,TRUE
"T2D","CAD","True","forward",116,0.075,0.1,FALSE,0.0357097197885708,0.00281847978439617,TRUE
"T2D","CAD","True","forward",116,0.1,0.03,FALSE,0.0357235217914223,0.00282071862609828,TRUE
"T2D","CAD","True","forward",116,0.1,0.045,FALSE,0.0357235217914223,0.00282024225020263,TRUE
"T2D","CAD","True","forward",116,0.1,0.06,TRUE,0.0357235217914223,0.00281976403291191,TRUE
"T2D","CAD","True","forward",116,0.1,0.08,FALSE,0.0357235217914223,0.0028191235454582,TRUE
"T2D","CAD","True","forward",116,0.1,0.1,FALSE,0.0357235217914223,0.00281847978439617,TRUE
"T2D","CAD","True","forward",116,0.125,0.03,FALSE,0.035737119687223,0.00282071862609828,TRUE
"T2D","CAD","True","forward",116,0.125,0.045,FALSE,0.035737119687223,0.00282024225020263,TRUE
"T2D","CAD","True","forward",116,0.125,0.06,FALSE,0.035737119687223,0.00281976403291191,TRUE
"T2D","CAD","True","forward",116,0.125,0.08,FALSE,0.035737119687223,0.0028191235454582,TRUE
"T2D","CAD","True","forward",116,0.125,0.1,FALSE,0.035737119687223,0.00281847978439617,TRUE
"T2D","CAD","True","forward",116,0.15,0.03,FALSE,0.0357505134938994,0.00282071862609828,TRUE
"T2D","CAD","True","forward",116,0.15,0.045,FALSE,0.0357505134938994,0.00282024225020263,TRUE
"T2D","CAD","True","forward",116,0.15,0.06,FALSE,0.0357505134938994,0.00281976403291191,TRUE
"T2D","CAD","True","forward",116,0.15,0.08,FALSE,0.0357505134938994,0.0028191235454582,TRUE
"T2D","CAD","True","forward",116,0.15,0.1,FALSE,0.0357505134938994,0.00281847978439617,TRUE
"T2D","HDL","False","intra",116,0.05,NA,FALSE,0.0356957136605951,0.00462642448405398,TRUE
"T2D","HDL","False","intra",116,0.075,NA,FALSE,0.0357097197885708,0.00462642448405398,TRUE
"T2D","HDL","False","intra",116,0.1,NA,TRUE,0.0357235217914223,0.00462642448405398,TRUE
"T2D","HDL","False","intra",116,0.125,NA,FALSE,0.035737119687223,0.00462642448405398,TRUE
"T2D","HDL","False","intra",116,0.15,NA,FALSE,0.0357505134938994,0.00462642448405398,TRUE
"T2D","HF","True","forward",115,0.05,0.01,FALSE,0.0348852959964781,0.00077091444916908,TRUE
"T2D","HF","True","forward",115,0.05,0.015,FALSE,0.0348852959964781,0.000770916449417173,TRUE
"T2D","HF","True","forward",115,0.05,0.02,FALSE,0.0348852959964781,0.000770918447092076,TRUE
"T2D","HF","True","forward",115,0.05,0.035,FALSE,0.0348852959964781,0.000770924424677652,TRUE
"T2D","HF","True","forward",115,0.05,0.05,FALSE,0.0348852959964781,0.000770930379104526,TRUE
"T2D","HF","True","forward",115,0.075,0.01,FALSE,0.0348988568447351,0.00077091444916908,TRUE
"T2D","HF","True","forward",115,0.075,0.015,FALSE,0.0348988568447351,0.000770916449417173,TRUE
"T2D","HF","True","forward",115,0.075,0.02,FALSE,0.0348988568447351,0.000770918447092076,TRUE
"T2D","HF","True","forward",115,0.075,0.035,FALSE,0.0348988568447351,0.000770924424677652,TRUE
"T2D","HF","True","forward",115,0.075,0.05,FALSE,0.0348988568447351,0.000770930379104526,TRUE
"T2D","HF","True","forward",115,0.1,0.01,FALSE,0.0349122163186354,0.00077091444916908,TRUE
"T2D","HF","True","forward",115,0.1,0.015,FALSE,0.0349122163186354,0.000770916449417173,TRUE
"T2D","HF","True","forward",115,0.1,0.02,TRUE,0.0349122163186354,0.000770918447092076,TRUE
"T2D","HF","True","forward",115,0.1,0.035,FALSE,0.0349122163186354,0.000770924424677652,TRUE
"T2D","HF","True","forward",115,0.1,0.05,FALSE,0.0349122163186354,0.000770930379104526,TRUE
"T2D","HF","True","forward",115,0.125,0.01,FALSE,0.0349253744362452,0.00077091444916908,TRUE
"T2D","HF","True","forward",115,0.125,0.015,FALSE,0.0349253744362452,0.000770916449417173,TRUE
"T2D","HF","True","forward",115,0.125,0.02,FALSE,0.0349253744362452,0.000770918447092076,TRUE
"T2D","HF","True","forward",115,0.125,0.035,FALSE,0.0349253744362452,0.000770924424677652,TRUE
"T2D","HF","True","forward",115,0.125,0.05,FALSE,0.0349253744362452,0.000770930379104526,TRUE
"T2D","HF","True","forward",115,0.15,0.01,FALSE,0.0349383312154837,0.00077091444916908,TRUE
"T2D","HF","True","forward",115,0.15,0.015,FALSE,0.0349383312154837,0.000770916449417173,TRUE
"T2D","HF","True","forward",115,0.15,0.02,FALSE,0.0349383312154837,0.000770918447092076,TRUE
"T2D","HF","True","forward",115,0.15,0.035,FALSE,0.0349383312154837,0.000770924424677652,TRUE
"T2D","HF","True","forward",115,0.15,0.05,FALSE,0.0349383312154837,0.000770930379104526,TRUE
"T2D","SBP","False","intra",116,0.05,NA,FALSE,0.0356957136605951,0.0018127016575571,TRUE
"T2D","SBP","False","intra",116,0.075,NA,FALSE,0.0357097197885708,0.0018127016575571,TRUE
"T2D","SBP","False","intra",116,0.1,NA,TRUE,0.0357235217914223,0.0018127016575571,TRUE
"T2D","SBP","False","intra",116,0.125,NA,FALSE,0.035737119687223,0.0018127016575571,TRUE
"T2D","SBP","False","intra",116,0.15,NA,FALSE,0.0357505134938994,0.0018127016575571,TRUE
"T2D","Stroke","True","forward",116,0.05,0.02,FALSE,0.0356957136605951,0.00086838946675401,TRUE
"T2D","Stroke","True","forward",116,0.05,0.035,FALSE,0.0356957136605951,0.000868405015747709,TRUE
"T2D","Stroke","True","forward",116,0.05,0.05,FALSE,0.0356957136605951,0.000868420531263345,TRUE
"T2D","Stroke","True","forward",116,0.05,0.065,FALSE,0.0356957136605951,0.000868436013300918,TRUE
"T2D","Stroke","True","forward",116,0.05,0.08,FALSE,0.0356957136605951,0.000868451461860427,TRUE
"T2D","Stroke","True","forward",116,0.075,0.02,FALSE,0.0357097197885708,0.00086838946675401,TRUE
"T2D","Stroke","True","forward",116,0.075,0.035,FALSE,0.0357097197885708,0.000868405015747709,TRUE
"T2D","Stroke","True","forward",116,0.075,0.05,FALSE,0.0357097197885708,0.000868420531263345,TRUE
"T2D","Stroke","True","forward",116,0.075,0.065,FALSE,0.0357097197885708,0.000868436013300918,TRUE
"T2D","Stroke","True","forward",116,0.075,0.08,FALSE,0.0357097197885708,0.000868451461860427,TRUE
"T2D","Stroke","True","forward",116,0.1,0.02,FALSE,0.0357235217914223,0.00086838946675401,TRUE
"T2D","Stroke","True","forward",116,0.1,0.035,FALSE,0.0357235217914223,0.000868405015747709,TRUE
"T2D","Stroke","True","forward",116,0.1,0.05,TRUE,0.0357235217914223,0.000868420531263345,TRUE
"T2D","Stroke","True","forward",116,0.1,0.065,FALSE,0.0357235217914223,0.000868436013300918,TRUE
"T2D","Stroke","True","forward",116,0.1,0.08,FALSE,0.0357235217914223,0.000868451461860427,TRUE
"T2D","Stroke","True","forward",116,0.125,0.02,FALSE,0.035737119687223,0.00086838946675401,TRUE
"T2D","Stroke","True","forward",116,0.125,0.035,FALSE,0.035737119687223,0.000868405015747709,TRUE
"T2D","Stroke","True","forward",116,0.125,0.05,FALSE,0.035737119687223,0.000868420531263345,TRUE
"T2D","Stroke","True","forward",116,0.125,0.065,FALSE,0.035737119687223,0.000868436013300918,TRUE
"T2D","Stroke","True","forward",116,0.125,0.08,FALSE,0.035737119687223,0.000868451461860427,TRUE
"T2D","Stroke","True","forward",116,0.15,0.02,FALSE,0.0357505134938994,0.00086838946675401,TRUE
"T2D","Stroke","True","forward",116,0.15,0.035,FALSE,0.0357505134938994,0.000868405015747709,TRUE
"T2D","Stroke","True","forward",116,0.15,0.05,FALSE,0.0357505134938994,0.000868420531263345,TRUE
"T2D","Stroke","True","forward",116,0.15,0.065,FALSE,0.0357505134938994,0.000868436013300918,TRUE
"T2D","Stroke","True","forward",116,0.15,0.08,FALSE,0.0357505134938994,0.000868451461860427,TRUE
"TC","CAD","True","forward",534,NA,0.03,FALSE,0.0632150314527632,0.01098205468574,TRUE
"TC","CAD","True","forward",534,NA,0.045,FALSE,0.0632150314527632,0.0110016628281795,TRUE
"TC","CAD","True","forward",534,NA,0.06,TRUE,0.0632150314527632,0.0110212612914266,TRUE
"TC","CAD","True","forward",534,NA,0.08,FALSE,0.0632150314527632,0.0110473775199566,TRUE
"TC","CAD","True","forward",534,NA,0.1,FALSE,0.0632150314527632,0.0110734765427652,TRUE
"TC","HF","True","forward",445,NA,0.01,FALSE,0.054843612482247,0.00270325391221202,TRUE
"TC","HF","True","forward",445,NA,0.015,FALSE,0.054843612482247,0.00270350597122813,TRUE
"TC","HF","True","forward",445,NA,0.02,TRUE,0.054843612482247,0.00270375801134384,TRUE
"TC","HF","True","forward",445,NA,0.035,FALSE,0.054843612482247,0.00270451401828854,TRUE
"TC","HF","True","forward",445,NA,0.05,FALSE,0.054843612482247,0.00270526985512973,TRUE
"TG","CAD","True","forward",513,NA,0.03,FALSE,0.052703296911317,0.00800387915343336,TRUE
"TG","CAD","True","forward",513,NA,0.045,FALSE,0.052703296911317,0.008012680723471,TRUE
"TG","CAD","True","forward",513,NA,0.06,TRUE,0.052703296911317,0.0080214786797219,TRUE
"TG","CAD","True","forward",513,NA,0.08,FALSE,0.052703296911317,0.00803320366687613,TRUE
"TG","CAD","True","forward",513,NA,0.1,FALSE,0.052703296911317,0.00804492223015819,TRUE
"TG","HF","True","forward",446,NA,0.01,FALSE,0.0448027776498582,0.00287993327192132,TRUE
"TG","HF","True","forward",446,NA,0.015,FALSE,0.0448027776498582,0.00288006189825642,TRUE
"TG","HF","True","forward",446,NA,0.02,TRUE,0.0448027776498582,0.00288019051110971,TRUE
"TG","HF","True","forward",446,NA,0.035,FALSE,0.0448027776498582,0.00288057626877872,TRUE
"TG","HF","True","forward",446,NA,0.05,FALSE,0.0448027776498582,0.00288096190511149,TRUE
"TG","Stroke","True","forward",430,NA,0.02,FALSE,0.0428805743640818,0.00267834206594204,TRUE
"TG","Stroke","True","forward",430,NA,0.035,FALSE,0.0428805743640818,0.00267827617582035,TRUE
"TG","Stroke","True","forward",430,NA,0.05,TRUE,0.0428805743640818,0.00267821020125578,TRUE
"TG","Stroke","True","forward",430,NA,0.065,FALSE,0.0428805743640818,0.00267814414224831,TRUE
"TG","Stroke","True","forward",430,NA,0.08,FALSE,0.0428805743640818,0.00267807799879795,TRUE
"TG","T2D","False","intra",296,NA,0.05,FALSE,0.0285859524869394,0.0148862170438249,TRUE
"TG","T2D","False","intra",296,NA,0.075,FALSE,0.0285859524869394,0.0148902328887544,TRUE
"TG","T2D","False","intra",296,NA,0.1,TRUE,0.0285859524869394,0.0148942291521002,TRUE
"TG","T2D","False","intra",296,NA,0.125,FALSE,0.0285859524869394,0.0148982058339166,TRUE
"TG","T2D","False","intra",296,NA,0.15,FALSE,0.0285859524869394,0.0149021629342574,TRUE
